seqset,category,origidx,word
0,N,1,AKE
0,N,1,THEIL
0,N,1,SCHONIPLESTS
0,N,1,AMS
0,N,1,NOP
0,N,1,THI
0,N,1,GHOLATIC
0,N,1,DOENS
0,N,1,BUH
0,N,1,THI
0,N,1,PROND
0,N,1,VAVALISTS
0,N,2,THI
0,N,2,STIVY
0,N,2,OB
0,N,2,FATERATESE
0,N,2,CONGRIDYTES
0,N,2,CO
0,N,2,SNIS
0,N,2,CONGLYL
0,N,2,IB
0,N,2,VE
0,N,2,CIFIOUS
0,N,2,WOY
0,N,3,SNIS
0,N,3,CHEVECTS
0,N,3,THI
0,N,3,ULCARRENCE
0,N,3,OB
0,N,3,AG
0,N,3,INTILOTE
0,N,3,SEBRANCE
0,N,3,OB
0,N,3,AMUMATED
0,N,3,TARBENT
0,N,3,PORSTS
0,S,4,SHE
0,S,4,FELT
0,S,4,COLD
0,S,4,AND
0,S,4,HOT
0,S,4,STICKY
0,S,4,AND
0,S,4,CHILLY
0,S,4,AT
0,S,4,THE
0,S,4,SAME
0,S,4,TIME
0,S,5,THIS
0,S,5,WAS
0,S,5,COMPOSED
0,S,5,LAST
0,S,5,YEAR
0,S,5,AS
0,S,5,A
0,S,5,SALUTE
0,S,5,TO
0,S,5,THE
0,S,5,AUTOMOBILE
0,S,5,INDUSTRY
0,S,6,AND
0,S,6,SHE
0,S,6,WANTED
0,S,6,DESPERATELY
0,S,6,TO
0,S,6,SEE
0,S,6,SOMEONE
0,S,6,SHE
0,S,6,HAD
0,S,6,KNOWN
0,S,6,BACK
0,S,6,THERE
0,S,7,SHE
0,S,7,CAME
0,S,7,DOWN
0,S,7,AGAINST
0,S,7,HIM
0,S,7,AND
0,S,7,HE
0,S,7,TRIED
0,S,7,TO
0,S,7,BREAK
0,S,7,HER
0,S,7,FALL
0,S,8,MANY
0,S,8,TIMES
0,S,8,I
0,S,8,TRIED
0,S,8,TO
0,S,8,REACH
0,S,8,YOU
0,S,8,BUT
0,S,8,I
0,S,8,NEVER
0,S,8,KNEW
0,S,8,HOW
0,S,9,BERGER
0,S,9,INSISTED
0,S,9,THAT
0,S,9,WE
0,S,9,KNOW
0,S,9,ENOUGH
0,S,9,TO
0,S,9,SUE
0,S,9,FOR
0,S,9,THE
0,S,9,FULL
0,S,9,AMOUNT
0,N,10,ISTUGING
0,N,10,BONKS
0,N,10,DOR
0,N,10,PLABS
0,N,10,CONCHROSTION
0,N,10,MAS
0,N,10,BROUPES
0,N,10,NAX
0,N,10,INDARFLIES
0,N,10,CO
0,N,10,CERTICT
0,N,10,REFOONS
0,N,11,SHU
0,N,11,LINIPPED
0,N,11,TER
0,N,11,LAMPUTZER
0,N,11,AKE
0,N,11,DRASH
0,N,11,TER
0,N,11,COCTEE
0,N,11,AKE
0,N,11,PARP
0,N,11,TER
0,N,11,CHEDS
0,N,12,AKE
0,N,12,ELKBYOTS
0,N,12,WEMP
0,N,12,CO
0,N,12,WOZE
0,N,12,CO
0,N,12,TEARK
0,N,12,THI
0,N,12,PALTS
0,N,12,WHINT
0,N,12,HU
0,N,12,TWOTE
0,S,13,HE
0,S,13,DIDN'T
0,S,13,THINK
0,S,13,IT
0,S,13,WAS
0,S,13,POSSIBLE
0,S,13,FOR
0,S,13,THIS
0,S,13,COUPLE
0,S,13,TO
0,S,13,BE
0,S,13,PRETENDING
0,S,14,ONE
0,S,14,OF
0,S,14,HIS
0,S,14,HANDS
0,S,14,FLATTENED
0,S,14,OUT
0,S,14,ON
0,S,14,THE
0,S,14,PAVEMENT
0,S,14,AND
0,S,14,SUPPORTED
0,S,14,HIM
0,S,15,THERE
0,S,15,WAS
0,S,15,A
0,S,15,BATTLE
0,S,15,ON
0,S,15,AN
0,S,15,AVERAGE
0,S,15,OF
0,S,15,ONCE
0,S,15,EVERY
0,S,15,THREE
0,S,15,WEEKS
0,N,16,THI
0,N,16,NUSS
0,N,16,WAM
0,N,16,WRALL
0,N,16,AKE
0,N,16,GLABHACTED
0,N,16,AKE
0,N,16,ERMID
0,N,16,AKE
0,N,16,WAM
0,N,16,RALLED
0,N,16,ELONTH
0,N,17,THUY
0,N,17,WERS
0,N,17,ALBUST
0,N,17,ILCAVIANTLY
0,N,17,WORBLIGGED
0,N,17,DOR
0,N,17,THEKE
0,N,17,NAXER
0,N,17,EGAN
0,N,17,MOGS
0,N,17,TIMPIBLE
0,N,17,AGAMITIES
0,N,18,HU
0,N,18,COUGE
0,N,18,NOP
0,N,18,LEAMS
0,N,18,THI
0,N,18,HOAD
0,N,18,BEBAMBS
0,N,18,OB
0,N,18,THI
0,N,18,GALERPILKED
0,N,18,FRAILAGE
0,N,18,DIMP
0,S,19,LIKE
0,S,19,HERBERT
0,S,19,THEY
0,S,19,WERE
0,S,19,ALL
0,S,19,IN
0,S,19,COMMUNICATIONS
0,S,19,RADIO
0,S,19,TELEVISION
0,S,19,MAGAZINES
0,S,19,AND
0,S,19,ADVERTISING
0,S,20,ONE
0,S,20,WAVE
0,S,20,SWAMPED
0,S,20,MORE
0,S,20,THAN
0,S,20,1000
0,S,20,SHIPS
0,S,20,AND
0,S,20,BOATS
0,S,20,IN
0,S,20,OSAKA
0,S,20,BAY
0,S,21,SET
0,S,21,YOUR
0,S,21,BATHTUB
0,S,21,BEFORE
0,S,21,YOU
0,S,21,CLOSE
0,S,21,IN
0,S,21,THE
0,S,21,END
0,S,21,OF
0,S,21,THE
0,S,21,BATHROOM
0,N,22,ASTRY
0,N,22,HUD
0,N,22,BEEG
0,N,22,DATTING
0,N,22,DRIANLY
0,N,22,TONTENING
0,N,22,WIRT
0,N,22,THI
0,N,22,MENOLITY
0,N,22,OB
0,N,22,THI
0,N,22,UNAHOYS
0,N,23,TE
0,N,23,TURE
0,N,23,UT
0,N,23,IG
0,N,23,WECK
0,N,23,PIVUNATED
0,N,23,AKE
0,N,23,QUEN
0,N,23,ATTOW
0,N,23,UT
0,N,23,CO
0,N,23,TADGEN
0,N,24,HU
0,N,24,SLUBBED
0,N,24,AGINCTS
0,N,24,VE
0,N,24,TOB
0,N,24,LUNCE
0,N,24,RALT
0,N,24,QUEN
0,N,24,BRIED
0,N,24,CO
0,N,24,LIFF
0,N,24,MIMRALF
0,N,25,THI
0,N,25,PODENTEEN
0,N,25,MEB
0,N,25,STOOM
0,N,25,AKE
0,N,25,STANES
0,N,25,AP
0,N,25,MIM
0,N,25,DOR
0,N,25,VE
0,N,25,POPENT
0,N,25,TODGER
0,N,26,HU
0,N,26,HUD
0,N,26,SNAT
0,N,26,WAM
0,N,26,DESTROBED
0,N,26,BU
0,N,26,VE
0,N,26,PHYTHOMISIST
0,N,26,AP
0,N,26,VE
0,N,26,SENGY
0,N,26,QUILANITY
0,N,27,THI
0,N,27,BOWNSTOOF
0,N,27,WAM
0,N,27,VE
0,N,27,KOW-CEAFINGED
0,N,27,SCRUCTUM
0,N,27,OB
0,N,27,TOOVY
0,N,27,FAMBERS
0,N,27,COYERDS
0,N,27,WIRT
0,N,27,EALMS
0,S,28,WHEN
0,S,28,THE
0,S,28,LIGHT
0,S,28,WENT
0,S,28,THEIR
0,S,28,WAY
0,S,28,THEY
0,S,28,WENT
0,S,28,ON
0,S,28,ACROSS
0,S,28,THE
0,S,28,STREET
0,S,29,THE
0,S,29,SYSTEM
0,S,29,TENDED
0,S,29,TO
0,S,29,BREAK
0,S,29,DOWN
0,S,29,DURING
0,S,29,THE
0,S,29,WAR
0,S,29,BUT
0,S,29,WAS
0,S,29,REACTIVATED
0,S,30,FOR
0,S,30,EXACTLY
0,S,30,ONE
0,S,30,WEEK
0,S,30,SHE
0,S,30,WAS
0,S,30,ABLE
0,S,30,TO
0,S,30,CONTINUE
0,S,30,IN
0,S,30,THIS
0,S,30,MANNER
0,N,31,SNAT
0,N,31,LINIPPED
0,N,31,THI
0,N,31,JOW
0,N,31,SNAT
0,N,31,CAPTIKE
0,N,31,CHARGLER
0,N,31,AKE
0,N,31,HOOFPENANT
0,N,31,BANOL
0,N,31,HUD
0,N,31,BEHUD
0,N,32,OB
0,N,32,THI
0,N,32,LANNER
0,N,32,SALSTE
0,N,32,944
0,N,32,PALFENS
0,N,32,HUD
0,N,32,BEEG
0,N,32,STIVIED
0,N,32,WRO
0,N,32,YEAMS
0,N,32,EEPTIER
0,N,33,HU
0,N,33,SHOKES
0,N,33,FOTTLE
0,N,33,ISCERENT
0,N,33,IB
0,N,33,SOUSURES
0,N,33,MUT
0,N,33,FORCAND
0,N,33,BU
0,N,33,THI
0,N,33,REDUTOR
0,N,33,DEMOTHELS
0,S,34,FOR
0,S,34,SOME
0,S,34,REASON
0,S,34,NONE
0,S,34,OF
0,S,34,THEM
0,S,34,WERE
0,S,34,IMPRESSED
0,S,34,WITH
0,S,34,THE
0,S,34,TERRITORIAL
0,S,34,CAPITAL
0,S,35,I
0,S,35,WAS
0,S,35,IN
0,S,35,CHARGE
0,S,35,OF
0,S,35,THE
0,S,35,ARRANGEMENTS
0,S,35,WHICH
0,S,35,WERE
0,S,35,SOON
0,S,35,ENOUGH
0,S,35,DISARRANGED
0,S,36,FOR
0,S,36,EXAMPLE
0,S,36,AMERICANS
0,S,36,RALLY
0,S,36,TO
0,S,36,CHRISTIAN
0,S,36,VALUES
0,S,36,VIS-A-VIS
0,S,36,THOSE
0,S,36,OF
0,S,36,ATHEISTIC
0,S,36,COMMUNISM
0,S,37,INDEED
0,S,37,THERE
0,S,37,WAS
0,S,37,A
0,S,37,WOMAN
0,S,37,WHO
0,S,37,UNASKED
0,S,37,HAD
0,S,37,ALREADY
0,S,37,GIVEN
0,S,37,HIM
0,S,37,LOVE
0,S,38,UNLESS
0,S,38,THE
0,S,38,CONFUSION
0,S,38,CLEARED
0,S,38,HE
0,S,38,WOULD
0,S,38,NOT
0,S,38,BE
0,S,38,COMING
0,S,38,HERE
0,S,38,MUCH
0,S,38,LONGER
0,S,39,THAT
0,S,39,DAY
0,S,39,THEY
0,S,39,LOAFED
0,S,39,AROUND
0,S,39,JUST
0,S,39,GETTING
0,S,39,THE
0,S,39,FEEL
0,S,39,OF
0,S,39,THE
0,S,39,CITY
0,N,40,RABS
0,N,40,WAM
0,N,40,BELAGING
0,N,40,AG
0,N,40,ESPROSIZE
0,N,40,ISTUG
0,N,40,IB
0,N,40,ACK
0,N,40,SQUEE
0,N,40,OB
0,N,40,REACONES
0,N,40,ANCIES
0,N,41,DOR
0,N,41,VE
0,N,41,REBOME
0,N,41,AWYO
0,N,41,CORLERECKS
0,N,41,ISLOPS
0,N,41,HASHPLAND
0,N,41,IG
0,N,41,THI
0,N,41,PLAPE
0,N,41,CO
0,N,41,JISIL
0,N,42,SHU'D
0,N,42,TE
0,N,42,TURE
0,N,42,CO
0,N,42,REMOPSER
0,N,42,EKY
0,N,42,BRIMP
0,N,42,PLO
0,N,42,WAM
0,N,42,VARVE
0,N,42,ACOOT
0,N,42,BACKSTOUSE
0,N,43,THUY
0,N,43,AMS
0,N,43,NOP
0,N,43,TRUH
0,N,43,BEBAMBS
0,N,43,PLIEMISTS
0,N,43,OB
0,N,43,CHAPHETS
0,N,43,SAR
0,N,43,THUY
0,N,43,AMS
0,N,43,TRUH
0,N,44,PREVAPTOMITIONS
0,N,44,IB
0,N,44,RURN
0,N,44,FANK
0,N,44,CONCALOUNTLY
0,N,44,INGI
0,N,44,WRO
0,N,44,CABAVOGIES
0,N,44,DOR
0,N,44,SOLPOSES
0,N,44,OB
0,N,44,ESOLYSIS
0,N,45,SHU
0,N,45,NAVED
0,N,45,SNAT
0,N,45,ZO
0,N,45,PRUPENT
0,N,45,HUD
0,N,45,BEEG
0,N,45,WICECRAWN
0,N,45,SHROUSE
0,N,45,LOMP
0,N,45,OB
0,N,45,CONVIGANCE
0,S,46,IT
0,S,46,MAY
0,S,46,ALLAY
0,S,46,OUR
0,S,46,PASSIONS
0,S,46,AND
0,S,46,SO
0,S,46,RESTORE
0,S,46,THE
0,S,46,RULE
0,S,46,OF
0,S,46,REASON
0,S,47,BEING
0,S,47,BASED
0,S,47,ON
0,S,47,SO
0,S,47,FEW
0,S,47,EVENTS
0,S,47,THESE
0,S,47,RESULTS
0,S,47,ARE
0,S,47,OF
0,S,47,DUBIOUS
0,S,47,VALIDITY
0,S,48,THIS
0,S,48,GIRL
0,S,48,SOON
0,S,48,DROPS
0,S,48,THE
0,S,48,BOURGEOIS
0,S,48,PYSCHIATRIST
0,S,48,WHO
0,S,48,DISAPPROVES
0,S,48,OF
0,S,48,HER
0,S,48,LIFE
1,S,1,IN
1,S,1,FACT
1,S,1,AS
1,S,1,THE
1,S,1,TIME
1,S,1,FOR
1,S,1,THEIR
1,S,1,DEPARTURE
1,S,1,APPROACHED
1,S,1,HIS
1,S,1,SOLICITOUSNESS
1,S,1,INCREASED
1,S,2,NO
1,S,2,MANUFACTURER
1,S,2,HAS
1,S,2,TAKEN
1,S,2,THE
1,S,2,INITIATIVE
1,S,2,IN
1,S,2,POINTING
1,S,2,OUT
1,S,2,THE
1,S,2,COSTS
1,S,2,INVOLVED
1,S,3,WHAT
1,S,3,THE
1,S,3,HELL
1,S,3,RIGHT
1,S,3,DID
1,S,3,EDDIE
1,S,3,HAVE
1,S,3,SAYING
1,S,3,A
1,S,3,THING
1,S,3,LIKE
1,S,3,THAT
1,N,4,BUH
1,N,4,LEP'S
1,N,4,NOP
1,N,4,TARM
1,N,4,ACOOT
1,N,4,UT
1,N,4,ABSTRUMELY
1,N,4,UNTAT
1,N,4,WU'RE
1,N,4,OUP
1,N,4,OB
1,N,4,HURE
1,N,5,BUH
1,N,5,VE
1,N,5,SPEAT
1,N,5,PARY
1,N,5,OB
1,N,5,THI
1,N,5,DOFTERS
1,N,5,AMS
1,N,5,MOGS
1,N,5,OB
1,N,5,LEMP
1,N,5,NATAGS
1,N,6,BUH
1,N,6,THEVE'S
1,N,6,ZO
1,N,6,WOY
1,N,6,OCH
1,N,6,THI
1,N,6,PORST
1,N,6,EXCUMP
1,N,6,SHROUSE
1,N,6,NY
1,N,6,HOAD
1,N,6,DROCK
1,N,7,HU
1,N,7,SUCCEAMS
1,N,7,BUTH
1,N,7,SHAB
1,N,7,PLO
1,N,7,REBORED
1,N,7,AP
1,N,7,THI
1,N,7,ELT
1,N,7,OB
1,N,7,LANT
1,N,7,MEAPON
1,N,8,SOLT
1,N,8,OB
1,N,8,THEKE
1,N,8,FROPUTATIONS
1,N,8,MAL
1,N,8,HABS
1,N,8,SOLT
1,N,8,MURIL
1,N,8,ULLERS
1,N,8,AMS
1,N,8,SOTHPRAT
1,N,8,ABLOSUOUS
1,N,9,U'L
1,N,9,BARTING
1,N,9,NOU
1,N,9,CO
1,N,9,NILBON
1,N,9,AP
1,N,9,THI
1,N,9,RESLETS
1,N,9,OB
1,N,9,CO
1,N,9,ESHTISH
1,N,9,ADVACT
1,S,10,THE
1,S,10,FORCES
1,S,10,WHICH
1,S,10,SURVIVE
1,S,10,THE
1,S,10,INITIAL
1,S,10,ATTACK
1,S,10,MUST
1,S,10,BE
1,S,10,FOUND
1,S,10,AND
1,S,10,DESTROYED
1,S,11,AND
1,S,11,THE
1,S,11,ENTIRETY
1,S,11,OF
1,S,11,THE
1,S,11,NATURAL
1,S,11,WORLD
1,S,11,IS
1,S,11,PARTY
1,S,11,TO
1,S,11,THE
1,S,11,ACTION
1,S,12,MORE
1,S,12,OFTEN
1,S,12,THESE
1,S,12,OFFICES
1,S,12,ARE
1,S,12,RESTRICTED
1,S,12,TO
1,S,12,THE
1,S,12,GATHERING
1,S,12,OF
1,S,12,EMPIRICAL
1,S,12,DATA
1,N,13,WU
1,N,13,WIDN'T
1,N,13,GEP
1,N,13,PARY
1,N,13,AP
1,N,13,PAKEVIER
1,N,13,AKE
1,N,13,THUY
1,N,13,WERS
1,N,13,GUVER
1,N,13,STOTTY
1,N,13,SIMBED
1,N,14,HU
1,N,14,CANDUT
1,N,14,DESTROBE
1,N,14,EPRAFTES
1,N,14,WADGOUT
1,N,14,ASTERMACKING
1,N,14,SOLT
1,N,14,FOBE
1,N,14,OB
1,N,14,VE
1,N,14,SQUEE-POMY
1,N,14,PROSLEP
1,N,15,OL
1,N,15,RELORKING
1,N,15,CO
1,N,15,NAX
1,N,15,YOLD
1,N,15,HU
1,N,15,HUD
1,N,15,VE
1,N,15,JOW
1,N,15,DOR
1,N,15,MOTERAL
1,N,15,WEELS
1,S,16,THE
1,S,16,GRATEFUL
1,S,16,WAY
1,S,16,SHE
1,S,16,LOOKED
1,S,16,AT
1,S,16,MORGAN
1,S,16,MADE
1,S,16,HIM
1,S,16,ASHAMED
1,S,16,OF
1,S,16,HIMSELF
1,S,17,THEY
1,S,17,ARE
1,S,17,ABOUT
1,S,17,TO
1,S,17,DO
1,S,17,SO
1,S,17,AT
1,S,17,ANY
1,S,17,MOMENT
1,S,17,AS
1,S,17,IT
1,S,17,IS
1,S,18,SIX
1,S,18,OF
1,S,18,THE
1,S,18,SCIENCE
1,S,18,TEACHERS
1,S,18,WERE
1,S,18,PRESENT
1,S,18,AND
1,S,18,WE
1,S,18,HAD
1,S,18,GREAT
1,S,18,FUN
1,N,19,LAFEVER
1,N,19,THI
1,N,19,DISQUITEMENT
1,N,19,OB
1,N,19,THI
1,N,19,CEVINCER
1,N,19,HAN
1,N,19,TE
1,N,19,CONLINTED
1,N,19,CO
1,N,19,BYBIC
1,N,19,LEMTIPELERS
1,N,20,IMBRESHMENT
1,N,20,HAN
1,N,20,TE
1,N,20,SOUSURED
1,N,20,BU
1,N,20,THI
1,N,20,LEMPENING
1,N,20,DISTIDES
1,N,20,BESHOON
1,N,20,TOER
1,N,20,AKE
1,N,20,HEAS
1,N,21,UT
1,N,21,WAM
1,N,21,PALT
1,N,21,OB
1,N,21,FOTTLE
1,N,21,JARE'S
1,N,21,WOZE
1,N,21,CO
1,N,21,FEAK
1,N,21,ACLER
1,N,21,THI
1,N,21,DORS
1,S,22,FINALLY
1,S,22,AVOIDING
1,S,22,HUMMOCKS
1,S,22,AND
1,S,22,SEEKING
1,S,22,LOW
1,S,22,GROUND
1,S,22,THEY
1,S,22,INTERCEPTED
1,S,22,THE
1,S,22,RAIN
1,S,22,SQUALL
1,S,23,AND
1,S,23,THIS
1,S,23,I
1,S,23,THINK
1,S,23,HOLDS
1,S,23,FOR
1,S,23,VALUES
1,S,23,AS
1,S,23,WELL
1,S,23,AS
1,S,23,LIFE
1,S,23,STYLES
1,S,24,I
1,S,24,COME
1,S,24,NOW
1,S,24,TO
1,S,24,A
1,S,24,THIRD
1,S,24,ARGUMENT
1,S,24,WHICH
1,S,24,AGAIN
1,S,24,IS
1,S,24,VERY
1,S,24,SIMPLE
1,S,25,MR
1,S,25,TRIMBLE
1,S,25,HAS
1,S,25,BEEN
1,S,25,IN
1,S,25,THE
1,S,25,HOSPITAL
1,S,25,BUT
1,S,25,IS
1,S,25,EXPECTED
1,S,25,BACK
1,S,25,TUESDAY
1,S,26,THIS
1,S,26,IGNORANT
1,S,26,ESTIMATE
1,S,26,I
1,S,26,REPEAT
1,S,26,IS
1,S,26,NOT
1,S,26,OF
1,S,26,ANY
1,S,26,INTEREST
1,S,26,IN
1,S,26,ITSELF
1,S,27,EVERYBODY
1,S,27,HAD
1,S,27,ACCEPTED
1,S,27,HER
1,S,27,FOR
1,S,27,WHAT
1,S,27,SHE
1,S,27,WAS
1,S,27,A
1,S,27,VERY
1,S,27,CHARMING
1,S,27,GIRL
1,N,28,THEKE
1,N,28,SLARETS
1,N,28,WERS
1,N,28,MUTH
1,N,28,BIRSER
1,N,28,NEEPLY
1,N,28,ACK
1,N,28,CACAGRA
1,N,28,OB
1,N,28,HORKING
1,N,28,AG
1,N,28,ATMOSCLODE
1,N,29,VACHE
1,N,29,GOP
1,N,29,IB
1,N,29,THI
1,N,29,LEFKHAMP
1,N,29,LART
1,N,29,AKE
1,N,29,FUT
1,N,29,AFLISS
1,N,29,THI
1,N,29,BEALEVESH
1,N,29,DIVOLER
1,N,30,INSPODE
1,N,30,AP
1,N,30,EXCORDITUAGE
1,N,30,AG
1,N,30,ATTOWANCE
1,N,30,DOR
1,N,30,CEFLASIATION
1,N,30,OB
1,N,30,FAGE
1,N,30,BOACHINGS
1,N,30,AKE
1,N,30,ESPOLMENT
1,S,31,THE
1,S,31,POWER
1,S,31,THAT
1,S,31,BIENVILLE
1,S,31,EXERCISED
1,S,31,DURING
1,S,31,HIS
1,S,31,FIRST
1,S,31,ADMINISTRATION
1,S,31,CANNOT
1,S,31,BE
1,S,31,DETERMINED
1,S,32,THE
1,S,32,SUCCESSOR
1,S,32,CORPORATIONS
1,S,32,HAVE
1,S,32,BEEN
1,S,32,HELD
1,S,32,ENTITLED
1,S,32,TO
1,S,32,SUE
1,S,32,ON
1,S,32,SUCH
1,S,32,CLAIMS
1,S,33,HE
1,S,33,ENDED
1,S,33,HIS
1,S,33,PUBLIC
1,S,33,CAREER
1,S,33,AS
1,S,33,A
1,S,33,TWO-TERM
1,S,33,GOVERNOR
1,S,33,OF
1,S,33,NEW
1,S,33,YORK
1,N,34,ONK
1,N,34,WID
1,N,34,ONK'S
1,N,34,BEMS
1,N,34,AKE
1,N,34,EP
1,N,34,FORTOSH
1,N,34,SMIPES
1,N,34,THEVE
1,N,34,WAM
1,N,34,VE
1,N,34,REFATE
1,N,35,BUH
1,N,35,BU
1,N,35,GOMS
1,N,35,U
1,N,35,WABS
1,N,35,MIM
1,N,35,AKE
1,N,35,U'L
1,N,35,VUING
1,N,35,CO
1,N,35,HABS
1,N,35,MIM
1,N,36,DOFT
1,N,36,THI
1,N,36,BEALEVESH
1,N,36,HU
1,N,36,COUGE
1,N,36,DEE
1,N,36,VE
1,N,36,PORNEAN
1,N,36,OB
1,N,36,THI
1,N,36,KROTTO
1,N,36,WABS
1,N,37,TADER
1,N,37,SNIS
1,N,37,HAN
1,N,37,TE
1,N,37,COMPANED
1,N,37,WIRT
1,N,37,THI
1,N,37,HASHPLAND
1,N,37,CO
1,N,37,PROVOPS
1,N,37,VE
1,N,37,WAPTOTEK
1,N,38,WRO
1,N,38,DOENS
1,N,38,AMS
1,N,38,PAUGED
1,N,38,OL
1,N,38,EAKS
1,N,38,REGOCK
1,N,38,IB
1,N,38,THI
1,N,38,OWMER
1,N,38,GISHEN
1,N,38,APAVE
1,N,39,HIN
1,N,39,FALIMMED
1,N,39,MAPE
1,N,39,VE
1,N,39,STREAF
1,N,39,OB
1,N,39,ALBUST
1,N,39,STAPPLORESCENT
1,N,39,GREEP
1,N,39,IB
1,N,39,THI
1,N,39,TIST
1,S,40,YET
1,S,40,US
1,S,40,COAL
1,S,40,IS
1,S,40,CHEAP
1,S,40,ENOUGH
1,S,40,TO
1,S,40,MAKE
1,S,40,FOREIGN
1,S,40,STEELMAKERS'
1,S,40,MOUTHS
1,S,40,WATER
1,S,41,THE
1,S,41,CONTENT
1,S,41,OF
1,S,41,THAT
1,S,41,PSYCHOLOGICAL
1,S,41,STATUS
1,S,41,DETERMINES
1,S,41,ULTIMATELY
1,S,41,THE
1,S,41,CONTENT
1,S,41,OF
1,S,41,CIVILIZATION
1,S,42,ALL
1,S,42,THROUGH
1,S,42,ALBANY
1,S,42,AND
1,S,42,LARAMIE
1,S,42,COUNTIES
1,S,42,OTHER
1,S,42,MEN
1,S,42,WERE
1,S,42,DOING
1,S,42,THE
1,S,42,SAME
1,S,43,YOU
1,S,43,WILL
1,S,43,PROBABLY
1,S,43,WANT
1,S,43,TO
1,S,43,HIRE
1,S,43,SOMEONE
1,S,43,TO
1,S,43,DO
1,S,43,THE
1,S,43,PLOWING
1,S,43,HOWEVER
1,S,44,WHO
1,S,44,WILL
1,S,44,SAY
1,S,44,THAT
1,S,44,OUR
1,S,44,COUNTRY
1,S,44,IS
1,S,44,EVEN
1,S,44,NOW
1,S,44,A
1,S,44,HOMOGENEOUS
1,S,44,COMMUNITY
1,S,45,BONES
1,S,45,AND
1,S,45,CARTILAGE
1,S,45,TRANSMIT
1,S,45,POORLY
1,S,45,AND
1,S,45,TEND
1,S,45,TO
1,S,45,REFLECT
1,S,45,THE
1,S,45,ULTRASONIC
1,S,45,SIGNALS
1,N,46,SNIS
1,N,46,ASLACT
1,N,46,OB
1,N,46,THI
1,N,46,LOLAL
1,N,46,PIFFURE
1,N,46,MAS
1,N,46,BEEG
1,N,46,COMPASTED
1,N,46,OMON
1,N,46,UXTEN
1,N,46,ENEAUX
1,N,47,CLAWPS
1,N,47,AMS
1,N,47,STYGERLY
1,N,47,DISPIMES
1,N,47,OB
1,N,47,ADMONCING
1,N,47,CO
1,N,47,NOLDS
1,N,47,COGGON
1,N,47,CO
1,N,47,ACK
1,N,47,SARLIES
1,N,48,EP
1,N,48,SU
1,N,48,U
1,N,48,WOUPE
1,N,48,HEAN
1,N,48,CO
1,N,48,TIR
1,N,48,CHAMBS
1,N,48,CONSUATION
1,N,48,OB
1,N,48,THI
1,N,48,MAB
2,N,1,HU
2,N,1,SLECS
2,N,1,IB
2,N,1,THI
2,N,1,HARS
2,N,1,BETBOOM
2,N,1,AP
2,N,1,THI
2,N,1,HEAS
2,N,1,OB
2,N,1,THI
2,N,1,STALMS
2,N,2,UT
2,N,2,WAM
2,N,2,NIPE
2,N,2,CO
2,N,2,HABS
2,N,2,SORTWHING
2,N,2,VE
2,N,2,FOTTLE
2,N,2,UL-FO-DANT
2,N,2,DOR
2,N,2,VE
2,N,2,CHAB
2,N,3,BUH
2,N,3,BU
2,N,3,1908
2,N,3,UTS
2,N,3,REGOCK
2,N,3,OB
2,N,3,QUILANITY
2,N,3,HUD
2,N,3,SOUCHED
2,N,3,THI
2,N,3,VOLIONAL
2,N,3,CONPROUNCE
2,S,4,THE
2,S,4,MEN
2,S,4,WILL
2,S,4,BE
2,S,4,IN
2,S,4,WESTERN
2,S,4,ATTIRE
2,S,4,INCLUDING
2,S,4,STETSONS
2,S,4,AND
2,S,4,COLORED
2,S,4,VESTS
2,S,5,THE
2,S,5,TOP
2,S,5,OF
2,S,5,THE
2,S,5,SAMPLE
2,S,5,WAS
2,S,5,NEARLY
2,S,5,FLAT
2,S,5,AND
2,S,5,THE
2,S,5,BOTTOM
2,S,5,HEMISPHERICAL
2,S,6,THE
2,S,6,SECOND
2,S,6,PIECE
2,S,6,IS
2,S,6,IN
2,S,6,TURN
2,S,6,GLUED
2,S,6,AND
2,S,6,SCREWED
2,S,6,TO
2,S,6,THE
2,S,6,FIRST
2,S,7,HIS
2,S,7,STANDARDS
2,S,7,ARE
2,S,7,OF
2,S,7,COURSE
2,S,7,COMPLETELY
2,S,7,FOREIGN
2,S,7,TO
2,S,7,THOSE
2,S,7,OF
2,S,7,THE
2,S,7,ANALYST
2,S,8,ONCE
2,S,8,BEFORE
2,S,8,I
2,S,8,HAD
2,S,8,BEEN
2,S,8,TO
2,S,8,PARIS
2,S,8,LONG
2,S,8,BEFORE
2,S,8,I
2,S,8,MARRIED
2,S,8,VALERY
2,S,9,DARTMOUTH
2,S,9,STUDENTS
2,S,9,SKI
2,S,9,EVERYWHERE
2,S,9,IN
2,S,9,WINTER
2,S,9,STARTING
2,S,9,WITH
2,S,9,THEIR
2,S,9,OWN
2,S,9,FRONT
2,S,9,DOOR
2,N,10,COUGE
2,N,10,UT
2,N,10,TE
2,N,10,SNAT
2,N,10,NY
2,N,10,OPE
2,N,10,WERS
2,N,10,AKE
2,N,10,OORS
2,N,10,HUD
2,N,10,DECOOTHS
2,N,10,VE
2,N,11,SHU
2,N,11,DRASH
2,N,11,FLOOTILY
2,N,11,AKE
2,N,11,MURGORED
2,N,11,SNANK
2,N,11,NOU
2,N,11,AP
2,N,11,HU
2,N,11,TOBERED
2,N,11,TER
2,N,11,HEAS
2,N,12,BUH
2,N,12,ELKBYOTS
2,N,12,U
2,N,12,MUT
2,N,12,HUD
2,N,12,ROUGHT
2,N,12,BOTER
2,N,12,FINSE
2,N,12,AKE
2,N,12,ALKED
2,N,12,SWESTEENS
2,N,12,TADER
2,S,13,THERE
2,S,13,WERE
2,S,13,SEVERAL
2,S,13,ON
2,S,13,THE
2,S,13,COUNCIL
2,S,13,WHO
2,S,13,TRIED
2,S,13,TO
2,S,13,LIVE
2,S,13,LIKE
2,S,13,CHRISTIANS
2,S,14,ANOTHER
2,S,14,ANODE
2,S,14,HOLDER
2,S,14,USED
2,S,14,IN
2,S,14,THE
2,S,14,EXPERIMENTS
2,S,14,IS
2,S,14,SHOWN
2,S,14,IN
2,S,14,FIGURE
2,S,14,3
2,S,15,THERE
2,S,15,WAS
2,S,15,NO
2,S,15,USE
2,S,15,WANDERING
2,S,15,OFF
2,S,15,INTO
2,S,15,A
2,S,15,TERRITORY
2,S,15,OF
2,S,15,UTTER
2,S,15,NIGHTMARE
2,N,16,THEIL
2,N,16,ARKNER
2,N,16,WAM
2,N,16,UT
2,N,16,HAN
2,N,16,TE
2,N,16,DOBS
2,N,16,AKE
2,N,16,WU
2,N,16,WIMS
2,N,16,ZO
2,N,16,UT
2,N,17,AKE
2,N,17,THI
2,N,17,CREL
2,N,17,WOUPE
2,N,17,TE
2,N,17,APLILERICALLY
2,N,17,BROUPES
2,N,17,OUP
2,N,17,OB
2,N,17,THEIL
2,N,17,SUDDINDED
2,N,17,EXILITION
2,N,18,THI
2,N,18,SHEDICAL
2,N,18,COMPASTS
2,N,18,IB
2,N,18,THI
2,N,18,TATDUAL
2,N,18,MOCTIONS
2,N,18,OB
2,N,18,SNIS
2,N,18,PIGLICATION
2,N,18,AMS
2,N,18,INNIMOABLE
2,S,19,COMING
2,S,19,FROM
2,S,19,A
2,S,19,PRIEST
2,S,19,THE
2,S,19,MUSIC
2,S,19,SOUNDS
2,S,19,AS
2,S,19,ODD
2,S,19,AS
2,S,19,THE
2,S,19,ADVICE
2,S,20,FOR
2,S,20,TWENTY
2,S,20,YEARS
2,S,20,HE
2,S,20,HAS
2,S,20,ENJOYED
2,S,20,HIS
2,S,20,POWER
2,S,20,ON
2,S,20,THE
2,S,20,RULES
2,S,20,COMMITTEE
2,S,21,THEY
2,S,21,DO
2,S,21,NOT
2,S,21,DESTROY
2,S,21,PHYSICAL
2,S,21,STRUCTURES
2,S,21,AS
2,S,21,IS
2,S,21,TRUE
2,S,21,OF
2,S,21,HIGH
2,S,21,EXPLOSIVES
2,N,22,OTHS
2,N,22,THI
2,N,22,DOOB
2,N,22,WAM
2,N,22,OSAN
2,N,22,THUY
2,N,22,CRALFED
2,N,22,MIM
2,N,22,INSOPS
2,N,22,THI
2,N,22,DAFF
2,N,22,BOACHING
2,N,23,THI
2,N,23,INSAX
2,N,23,IG
2,N,23,ESGORGIALLY
2,N,23,VE
2,N,23,NAX
2,N,23,CHEASMENT
2,N,23,OB
2,N,23,SPERIEEDLY
2,N,23,COMPOVED
2,N,23,SASTHOCOGICAL
2,N,23,DALO
2,N,24,THUY
2,N,24,KNOG
2,N,24,THI
2,N,24,VASUG
2,N,24,OB
2,N,24,HIING
2,N,24,JUBS
2,N,24,SNAT
2,N,24,AG
2,N,24,OBSITORY
2,N,24,HAMBY
2,N,24,HUTILY
2,N,25,UT
2,N,25,IFTO
2,N,25,OLTY
2,N,25,BIRKS
2,N,25,SNAT
2,N,25,DIMP
2,N,25,THEIL
2,N,25,CHIFFSEN
2,N,25,IB
2,N,25,ULLER
2,N,25,DAOPLES
2,N,25,NETCH
2,N,26,DOR
2,N,26,HU
2,N,26,HUD
2,N,26,JUBS
2,N,26,REMOPSERED
2,N,26,LONIVES
2,N,26,THUY
2,N,26,WERS
2,N,26,TADING
2,N,26,THEIL
2,N,26,FINSE
2,N,26,GULSED
2,N,27,SHU
2,N,27,WAM
2,N,27,THI
2,N,27,PILTUER
2,N,27,AP
2,N,27,BREARLY
2,N,27,AP
2,N,27,WAM
2,N,27,VECIS
2,N,27,IB
2,N,27,SHAUNDREARE'S
2,N,27,DOEX
2,S,28,ALMOST
2,S,28,IMMEDIATELY
2,S,28,HOWARD
2,S,28,AND
2,S,28,HIS
2,S,28,DAUGHTER
2,S,28,DEBORA
2,S,28,DROVE
2,S,28,UP
2,S,28,IN
2,S,28,THE
2,S,28,CADILLAC
2,S,29,THINKING
2,S,29,THE
2,S,29,EVIDENCE
2,S,29,INSUFFICIENT
2,S,29,TO
2,S,29,GET
2,S,29,A
2,S,29,CONVICTION
2,S,29,HE
2,S,29,LATER
2,S,29,RELEASED
2,S,29,HIM
2,S,30,WE
2,S,30,HAVE
2,S,30,ALSO
2,S,30,SEEN
2,S,30,THE
2,S,30,POWER
2,S,30,OF
2,S,30,FAITH
2,S,30,AT
2,S,30,WORK
2,S,30,AMONG
2,S,30,US
2,N,31,HU
2,N,31,STOOMED
2,N,31,PIBBED
2,N,31,EP
2,N,31,HIN
2,N,31,DUINTS
2,N,31,HAL
2,N,31,AKE
2,N,31,PUFTSED
2,N,31,HIN
2,N,31,BIPS
2,N,31,PLEARTHFULLY
2,N,32,HIN
2,N,32,ESHTISH
2,N,32,WAM
2,N,32,FOLITED
2,N,32,AKE
2,N,32,THI
2,N,32,FOTTLE
2,N,32,HU
2,N,32,SMEW
2,N,32,HU
2,N,32,DOUND
2,N,32,AMMICATING
2,N,33,SHU
2,N,33,FERT
2,N,33,MITHER
2,N,33,THAP
2,N,33,TAW
2,N,33,THI
2,N,33,APTROUCH
2,N,33,OB
2,N,33,THI
2,N,33,GOOBFEAKING
2,N,33,YOUTE
2,N,33,MAB
2,S,34,YOU
2,S,34,FIND
2,S,34,THE
2,S,34,EVIDENCE
2,S,34,OF
2,S,34,THAT
2,S,34,IN
2,S,34,THE
2,S,34,CHART
2,S,34,ON
2,S,34,THIS
2,S,34,PAGE
2,S,35,ONE
2,S,35,SHOULD
2,S,35,BE
2,S,35,ABLE
2,S,35,TO
2,S,35,GET
2,S,35,HOLD
2,S,35,OF
2,S,35,THE
2,S,35,BOOK
2,S,35,AT
2,S,35,ONCE
2,S,36,PAT
2,S,36,SWUNG
2,S,36,INTO
2,S,36,THE
2,S,36,SADDLE
2,S,36,YET
2,S,36,STILL
2,S,36,HE
2,S,36,DELAYED
2,S,36,HIS
2,S,36,BROWS
2,S,36,PUCKERED
2,S,37,THE
2,S,37,CHILD
2,S,37,IS
2,S,37,KEPT
2,S,37,ON
2,S,37,CALL
2,S,37,AND
2,S,37,THE
2,S,37,ORTHODONTIST
2,S,37,WATCHES
2,S,37,THE
2,S,37,GROWTH
2,S,38,MY
2,S,38,HOST
2,S,38,WENT
2,S,38,OVER
2,S,38,AND
2,S,38,STARED
2,S,38,OUT
2,S,38,THE
2,S,38,WINDOW
2,S,38,AT
2,S,38,HIS
2,S,38,PEACOCKS
2,S,39,THEY
2,S,39,HAVE
2,S,39,A
2,S,39,GREAT
2,S,39,ADVANTAGE
2,S,39,IN
2,S,39,EASE
2,S,39,OF
2,S,39,AUDIT
2,S,39,TIME
2,S,39,AND
2,S,39,PAYMENT
2,N,40,THI
2,N,40,CHETENDS
2,N,40,WAM
2,N,40,SNAT
2,N,40,HU
2,N,40,WAM
2,N,40,MEBAWERING
2,N,40,VE
2,N,40,PRESPLEXTION
2,N,40,SNOM
2,N,40,DOMFER
2,N,40,VITY
2,N,41,HURE
2,N,41,FOO
2,N,41,THI
2,N,41,CARCS
2,N,41,CO
2,N,41,HAFF
2,N,41,LAM
2,N,41,WECK
2,N,41,BAPS
2,N,41,IB
2,N,41,THI
2,N,41,YEAMS
2,N,42,U
2,N,42,FEAKED
2,N,42,BAPS
2,N,42,IBER
2,N,42,NY
2,N,42,CHEALDER
2,N,42,WHIDE
2,N,42,U
2,N,42,WEMP
2,N,42,CO
2,N,42,JORM
2,N,42,MIM
2,N,43,ELKBY
2,N,43,MAB
2,N,43,IB
2,N,43,ELKBY
2,N,43,ONK
2,N,43,OB
2,N,43,THEKE
2,N,43,HOOLES
2,N,43,IG
2,N,43,VE
2,N,43,NIFFS
2,N,43,SEDER
2,N,44,BEBISTS
2,N,44,IB
2,N,44,ACK
2,N,44,TARESTY
2,N,44,U
2,N,44,ZO'T
2,N,44,KNOG
2,N,44,LAF
2,N,44,NOU
2,N,44,HAN
2,N,44,TE
2,N,44,TURE
2,N,45,HU
2,N,45,ALBUST
2,N,45,AFFASE
2,N,45,CO
2,N,45,HABS
2,N,45,ARYUDE
2,N,45,MEFF
2,N,45,ATOUSE
2,N,45,WIRT
2,N,45,WHEM
2,N,45,HU
2,N,45,SASP
2,S,46,BUT
2,S,46,THERE
2,S,46,WAS
2,S,46,THAT
2,S,46,SOMETHING
2,S,46,SOME
2,S,46,ECHO
2,S,46,IN
2,S,46,THE
2,S,46,WAY
2,S,46,SHE
2,S,46,SPOKE
2,S,47,IT
2,S,47,STRETCHED
2,S,47,TO
2,S,47,AN
2,S,47,IMPOSSIBLE
2,S,47,HEIGHT
2,S,47,CLIMBING
2,S,47,THE
2,S,47,WALL
2,S,47,TO
2,S,47,THE
2,S,47,CEILING
2,S,48,ACTUALLY
2,S,48,HOWEVER
2,S,48,THIS
2,S,48,TURNS
2,S,48,OUT
2,S,48,TO
2,S,48,BE
2,S,48,ONLY
2,S,48,PART
2,S,48,OF
2,S,48,THE
2,S,48,PICTURE
3,S,1,THE
3,S,1,REAL
3,S,1,TROUBLE
3,S,1,SEEMS
3,S,1,TO
3,S,1,BE
3,S,1,THE
3,S,1,FAILING
3,S,1,IMAGINATION
3,S,1,OF
3,S,1,US
3,S,1,PLAYWRIGHTS
3,S,2,HE
3,S,2,UNHITCHED
3,S,2,HIS
3,S,2,HORSE
3,S,2,WALKED
3,S,2,IT
3,S,2,AWAY
3,S,2,MOUNTED
3,S,2,AND
3,S,2,SPURRED
3,S,2,IT
3,S,2,ON
3,S,3,THIS
3,S,3,OF
3,S,3,COURSE
3,S,3,RESULTS
3,S,3,FROM
3,S,3,THE
3,S,3,NONSYSTEMATIC
3,S,3,CELLULAR
3,S,3,CHARACTER
3,S,3,OF
3,S,3,PTOLEMAIC
3,S,3,THEORY
3,N,4,DOR
3,N,4,EXEGGLE
3,N,4,VE
3,N,4,SATCH
3,N,4,PREDARCATION
3,N,4,HAN
3,N,4,TE
3,N,4,EVIGATE
3,N,4,AKE
3,N,4,EHENOATET
3,N,4,SHROUSE
3,N,4,GART-SNAYING
3,N,5,OB
3,N,5,HUST
3,N,5,UT
3,N,5,BEMIME
3,N,5,LAR
3,N,5,BU
3,N,5,ACORTMENT
3,N,5,OB
3,N,5,THI
3,N,5,URONED
3,N,5,STATCH
3,N,5,CORPLICUTION
3,N,6,AG
3,N,6,OUTCOAR
3,N,6,REMEETED
3,N,6,FICHOUT
3,N,6,CHEXTER
3,N,6,ASDO
3,N,6,MAL
3,N,6,TE
3,N,6,BUICE
3,N,6,WIRT
3,N,6,CONSPOTE
3,N,6,DROCKS
3,N,7,BUH
3,N,7,OJOAS
3,N,7,JUBS
3,N,7,DOR
3,N,7,THI
3,N,7,SAMP
3,N,7,OB
3,N,7,TADING
3,N,7,WHEM
3,N,7,AMS
3,N,7,NOP
3,N,7,ENEAUX
3,N,8,U
3,N,8,KNOG
3,N,8,UT
3,N,8,IG
3,N,8,MILCEEK
3,N,8,BUH
3,N,8,UT'S
3,N,8,OLTY
3,N,8,EIZED
3,N,8,DAPE
3,N,8,BEFECK
3,N,8,COMPAFTSMENT
3,N,9,YUT
3,N,9,SOLT
3,N,9,LOKE
3,N,9,MITHER
3,N,9,HOROPEGIOUS
3,N,9,WOUPE
3,N,9,BANKNUCH
3,N,9,THEDSEGGED
3,N,9,DOR
3,N,9,THI
3,N,9,NAX
3,N,9,OJOAS
3,S,10,THE
3,S,10,MAN
3,S,10,SHOVED
3,S,10,HIM
3,S,10,INTO
3,S,10,THE
3,S,10,WATER
3,S,10,THEN
3,S,10,RAN
3,S,10,PAST
3,S,10,THE
3,S,10,CABANA
3,S,11,ADVICE
3,S,11,IS
3,S,11,GIVEN
3,S,11,ALSO
3,S,11,ON
3,S,11,PROBLEMS
3,S,11,OF
3,S,11,PLANT
3,S,11,LOCATION
3,S,11,AND
3,S,11,PLANT
3,S,11,SPACE
3,S,12,AFTER
3,S,12,MR
3,S,12,JACK
3,S,12,DROVE
3,S,12,AWAY
3,S,12,WINSTON
3,S,12,WENT
3,S,12,ON
3,S,12,LOOKING
3,S,12,OUT
3,S,12,THE
3,S,12,WINDOW
3,N,13,IB
3,N,13,JUX
3,N,13,SIME
3,N,13,SABSGERT
3,N,13,WAM
3,N,13,VE
3,N,13,WARVING
3,N,13,THESUGMUS
3,N,13,OB
3,N,13,ICERIGON
3,N,13,FORL
3,N,13,RURIC
3,N,14,THEKE
3,N,14,ARCOURCEMENTS
3,N,14,AMS
3,N,14,IB
3,N,14,EFFAKE
3,N,14,ASPERTIDEMENTS
3,N,14,DOR
3,N,14,THEDSEGGED
3,N,14,AP
3,N,14,THRODING
3,N,14,MARROADS
3,N,14,MAPES
3,N,15,FURPLESORE
3,N,15,THEVE
3,N,15,WERS
3,N,15,SESID
3,N,15,RURICAL
3,N,15,VIFFUES
3,N,15,IB
3,N,15,THI
3,N,15,INNIPPRESITION
3,N,15,OB
3,N,15,THI
3,N,15,RURIC
3,S,16,DRAWERS
3,S,16,AND
3,S,16,CABINETS
3,S,16,IN
3,S,16,TWO
3,S,16,BEDROOMS
3,S,16,AND
3,S,16,A
3,S,16,SEWING
3,S,16,ROOM
3,S,16,WERE
3,S,16,RANSACKED
3,S,17,ONLY
3,S,17,THE
3,S,17,PRESIDENT
3,S,17,IS
3,S,17,PERMITTED
3,S,17,TO
3,S,17,AUTHORIZE
3,S,17,THE
3,S,17,USE
3,S,17,OF
3,S,17,NUCLEAR
3,S,17,WEAPONS
3,S,18,DURING
3,S,18,A
3,S,18,1933
3,S,18,TSUNAMI
3,S,18,IN
3,S,18,JAPAN
3,S,18,THE
3,S,18,SEA
3,S,18,GLOWED
3,S,18,BRILLIANTLY
3,S,18,AT
3,S,18,NIGHT
3,N,19,UT
3,N,19,WAMN'T
3,N,19,EGAN
3,N,19,TRUH
3,N,19,SNAT
3,N,19,HU'D
3,N,19,SASP
3,N,19,HU
3,N,19,WAM
3,N,19,DURRY
3,N,19,SNAT
3,N,19,SIME
3,N,20,WU
3,N,20,BROFFLE
3,N,20,VE
3,N,20,LALKS
3,N,20,PERLONTAYS
3,N,20,OB
3,N,20,THI
3,N,20,CAGS
3,N,20,AFLISS
3,N,20,THI
3,N,20,RUTER
3,N,20,TWIFF
3,N,21,SHADS
3,N,21,WU
3,N,21,BRIP
3,N,21,VE
3,N,21,COFS
3,N,21,CO
3,N,21,DEE
3,N,21,WHINT
3,N,21,OB
3,N,21,YS
3,N,21,GOUS
3,N,21,FINSE
3,S,22,IN
3,S,22,THE
3,S,22,PRACTICE
3,S,22,OF
3,S,22,THEIR
3,S,22,ART
3,S,22,THERE
3,S,22,IS
3,S,22,AN
3,S,22,OBVIOUS
3,S,22,TECHNICAL
3,S,22,RESEMBLANCE
3,S,23,A
3,S,23,SECOND
3,S,23,EXPLANATION
3,S,23,IS
3,S,23,SUGGESTED
3,S,23,BY
3,S,23,THE
3,S,23,MATERIAL
3,S,23,DESCRIBED
3,S,23,IN
3,S,23,ROWLAND'S
3,S,23,PAPER
3,S,24,HE
3,S,24,WAS
3,S,24,MERELY
3,S,24,CLEARING
3,S,24,A
3,S,24,WAY
3,S,24,TO
3,S,24,WHAT
3,S,24,HE
3,S,24,HAD
3,S,24,TO
3,S,24,DO
3,S,25,IT
3,S,25,WILL
3,S,25,HOWEVER
3,S,25,INHIBIT
3,S,25,THE
3,S,25,SPROUTING
3,S,25,OF
3,S,25,POTATOES
3,S,25,AND
3,S,25,OTHER
3,S,25,ROOT
3,S,25,VEGETABLES
3,S,26,HE
3,S,26,REACHED
3,S,26,DOWN
3,S,26,AND
3,S,26,CLOSED
3,S,26,HIS
3,S,26,FINGERS
3,S,26,ON
3,S,26,THE
3,S,26,MAN'S
3,S,26,UPPER
3,S,26,ARM
3,S,27,A
3,S,27,SERIES
3,S,27,OF
3,S,27,CONFERENCES
3,S,27,WITH
3,S,27,FRIENDS
3,S,27,AND
3,S,27,BANKERS
3,S,27,BEGAN
3,S,27,ABOUT
3,S,27,THIS
3,S,27,TIME
3,N,28,HU
3,N,28,MOOK
3,N,28,EP
3,N,28,VE
3,N,28,WHIKE
3,N,28,BREET
3,N,28,OB
3,N,28,SADER
3,N,28,DAFF
3,N,28,WIRT
3,N,28,PINBLE-PELFED
3,N,28,DALO
3,N,29,IB
3,N,29,THI
3,N,29,MARILATH
3,N,29,PRETIPTES
3,N,29,FANSPER
3,N,29,EAMS
3,N,29,THI
3,N,29,TOKES
3,N,29,AMS
3,N,29,VE
3,N,29,FOTTLE
3,N,29,DRIANER
3,N,30,CRULITEAL
3,N,30,LIRR
3,N,30,IG
3,N,30,CETLIFATED
3,N,30,BUH
3,N,30,PRUPENTS
3,N,30,ZO
3,N,30,NOP
3,N,30,JEED
3,N,30,CO
3,N,30,TE
3,N,30,SPHISTOON
3,S,31,AND
3,S,31,AS
3,S,31,GRADUATES
3,S,31,GRATEFULLY
3,S,31,RECALL
3,S,31,SHE
3,S,31,DREW
3,S,31,ON
3,S,31,HER
3,S,31,PURSE
3,S,31,AS
3,S,31,WELL
3,S,32,THEY
3,S,32,REFUSE
3,S,32,TO
3,S,32,MENTION
3,S,32,OR
3,S,32,TO
3,S,32,NOTICE
3,S,32,THAT
3,S,32,THEY
3,S,32,ARE
3,S,32,NOT
3,S,32,THERE
3,S,33,A
3,S,33,RESTRICTED
3,S,33,FRONTAGE
3,S,33,MAY
3,S,33,BE
3,S,33,TOO
3,S,33,CROWDED
3,S,33,AN
3,S,33,AREA
3,S,33,FOR
3,S,33,PUBLIC
3,S,33,USE
3,N,34,U
3,N,34,WEMP
3,N,34,CO
3,N,34,NOUR
3,N,34,TOOMS
3,N,34,AKE
3,N,34,SWOMITY
3,N,34,TALD
3,N,34,VE
3,N,34,NOU
3,N,34,WERS
3,N,34,HURE
3,N,35,HU
3,N,35,DATS
3,N,35,THEVE
3,N,35,REMOPSERING
3,N,35,THI
3,N,35,TELVE
3,N,35,POPENT
3,N,35,BEFECK
3,N,35,THI
3,N,35,BAPS
3,N,35,WAM
3,N,35,THAPPED
3,N,36,HU
3,N,36,MAPE
3,N,36,THI
3,N,36,PEPIDON
3,N,36,WIRT
3,N,36,HIN
3,N,36,WERS
3,N,36,OSAN
3,N,36,OB
3,N,36,SU
3,N,36,HU
3,N,36,PLEARTH
3,N,37,FEL
3,N,37,OB
3,N,37,THI
3,N,37,NOOSHBOURS
3,N,37,CAWN
3,N,37,BUH
3,N,37,COS
3,N,37,FUBSLE
3,N,37,CAWN
3,N,37,RALLED
3,N,37,BU
3,N,37,CHABEGY
3,N,38,ASDO
3,N,38,ISNERFOMUCER
3,N,38,ARF
3,N,38,DRINGE
3,N,38,MAL
3,N,38,TE
3,N,38,ACK
3,N,38,BUH
3,N,38,ROGIMICHENT
3,N,38,IB
3,N,38,THI
3,N,38,FOW
3,N,39,SNIS
3,N,39,ESGRANGE
3,N,39,HUST
3,N,39,RECUPT
3,N,39,IB
3,N,39,OUF
3,N,39,ELTING
3,N,39,EP
3,N,39,WIRT
3,N,39,SOLT
3,N,39,EBBACTIVE
3,N,39,USISS
3,S,40,HE
3,S,40,OPENED
3,S,40,THE
3,S,40,DOOR
3,S,40,AND
3,S,40,WENT
3,S,40,IN
3,S,40,PULLING
3,S,40,IT
3,S,40,SHUT
3,S,40,BEHIND
3,S,40,HIM
3,S,41,SEVERAL
3,S,41,WERE
3,S,41,BORN
3,S,41,IN
3,S,41,THE
3,S,41,EARLY
3,S,41,DECADES
3,S,41,AND
3,S,41,PERSISTED
3,S,41,THROUGHOUT
3,S,41,THE
3,S,41,CENTURY
3,S,42,THUS
3,S,42,FAR
3,S,42,THE
3,S,42,ADVANCES
3,S,42,MADE
3,S,42,HAVE
3,S,42,BEEN
3,S,42,ALMOST
3,S,42,ENTIRELY
3,S,42,ALONG
3,S,42,FUNCTIONAL
3,S,42,LINES
3,S,43,FOR
3,S,43,WHAT
3,S,43,HAD
3,S,43,HAPPENED
3,S,43,ON
3,S,43,THE
3,S,43,COMMON
3,S,43,WAS
3,S,43,ONLY
3,S,43,TERROR
3,S,43,AND
3,S,43,FLIGHT
3,S,44,IBM
3,S,44,HAS
3,S,44,A
3,S,44,MACHINE
3,S,44,THAT
3,S,44,CAN
3,S,44,UNDERSTAND
3,S,44,SPOKEN
3,S,44,WORDS
3,S,44,AND
3,S,44,TALK
3,S,44,BACK
3,S,45,THE
3,S,45,DANGER
3,S,45,LAY
3,S,45,IN
3,S,45,THE
3,S,45,AMERICAN
3,S,45,DELUSION
3,S,45,THAT
3,S,45,NUCLEAR
3,S,45,DETERRENCE
3,S,45,WAS
3,S,45,ENOUGH
3,N,46,QUEN
3,N,46,WIRT
3,N,46,DISAMFANGEMENT
3,N,46,EVIGATE
3,N,46,OMON
3,N,46,THEIL
3,N,46,TABES
3,N,46,THUY
3,N,46,MOMES
3,N,46,CO
3,N,46,THI
3,N,46,WOZE
3,N,47,THI
3,N,47,ATAMIFIC
3,N,47,DEAS
3,N,47,SHOUPE
3,N,47,FAWE
3,N,47,VE
3,N,47,DIRURN
3,N,47,TODGEBERS
3,N,47,ISCERENT
3,N,47,IB
3,N,47,FAPURFY
3,N,47,DERILORTENT
3,N,48,LAFEVER
3,N,48,THI
3,N,48,AROLE
3,N,48,IG
3,N,48,STIGS
3,N,48,THI
3,N,48,PALT
3,N,48,RECOOMING
3,N,48,THI
3,N,48,TARXEST
3,N,48,REAT
3,N,48,SPUX
4,S,1,THEY
4,S,1,DID
4,S,1,NOT
4,S,1,KNOW
4,S,1,WHO
4,S,1,THEY
4,S,1,WERE
4,S,1,OR
4,S,1,KNOW
4,S,1,THEIR
4,S,1,OWN
4,S,1,WORTH
4,S,2,AND
4,S,2,SHE
4,S,2,HAD
4,S,2,AN
4,S,2,APPETITE
4,S,2,FOR
4,S,2,LEARNING
4,S,2,THAT
4,S,2,COULD
4,S,2,NOT
4,S,2,BE
4,S,2,DENIED
4,S,3,THE
4,S,3,FIRST
4,S,3,TWO
4,S,3,METHODS
4,S,3,APPLY
4,S,3,TO
4,S,3,BOTH
4,S,3,INDEX
4,S,3,WORDS
4,S,3,AND
4,S,3,ELECTRONIC
4,S,3,SWITCHES
4,N,4,HU
4,N,4,SUFFISTED
4,N,4,SNAT
4,N,4,THUY
4,N,4,RALL
4,N,4,OL
4,N,4,THEKE
4,N,4,BRUSTERS
4,N,4,PLO
4,N,4,RECOOMED
4,N,4,WHEM
4,N,4,BREETANTLY
4,N,5,THI
4,N,5,MAB
4,N,5,WAM
4,N,5,AG
4,N,5,OY
4,N,5,AKE
4,N,5,HU
4,N,5,MUT
4,N,5,EP
4,N,5,VE
4,N,5,RHITIMABLE
4,N,5,STRUSTLE
4,N,6,SOLT
4,N,6,EXTRIVIZED
4,N,6,WEMP
4,N,6,SU
4,N,6,HAR
4,N,6,AP
4,N,6,CO
4,N,6,ULKS
4,N,6,OUF
4,N,6,ILING
4,N,6,UT
4,N,6,FINSE
4,N,7,THUY
4,N,7,NOP
4,N,7,OLTY
4,N,7,GLANK
4,N,7,AKE
4,N,7,FEEK
4,N,7,CHAPHETS
4,N,7,BUH
4,N,7,LIMS
4,N,7,CHAPHETS
4,N,7,AP
4,N,7,WECK
4,N,8,THI
4,N,8,ORN
4,N,8,MAB
4,N,8,OSANED
4,N,8,THI
4,N,8,DOOB
4,N,8,AKE
4,N,8,STYPPED
4,N,8,OUP
4,N,8,INGI
4,N,8,THI
4,N,8,SUNLYMES
4,N,9,OJOAS
4,N,9,JEED
4,N,9,CO
4,N,9,TE
4,N,9,LESHED
4,N,9,AKE
4,N,9,NOP
4,N,9,MUDELY
4,N,9,BU
4,N,9,ALVYMENT
4,N,9,AKE
4,N,9,DEPAVE
4,S,10,FOR
4,S,10,SEVERAL
4,S,10,DAYS
4,S,10,SHE
4,S,10,WAS
4,S,10,ILL
4,S,10,AS
4,S,10,A
4,S,10,RESULT
4,S,10,OF
4,S,10,LEE'S
4,S,10,TREATMENT
4,S,11,FRONT
4,S,11,FENCES
4,S,11,WERE
4,S,11,COVERED
4,S,11,WITH
4,S,11,VIRGINIA
4,S,11,CREEPER
4,S,11,OR
4,S,11,TRUMPET
4,S,11,VINES
4,S,11,OR
4,S,11,HONEYSUCKLE
4,S,12,MR
4,S,12,RAYBURN
4,S,12,WAS
4,S,12,NOT
4,S,12,AN
4,S,12,EASY
4,S,12,MAN
4,S,12,TO
4,S,12,CLASSIFY
4,S,12,OR
4,S,12,TO
4,S,12,LABEL
4,N,13,UT
4,N,13,HUST
4,N,13,SNAY
4,N,13,VE
4,N,13,GART
4,N,13,IB
4,N,13,WHINT
4,N,13,THEVE
4,N,13,GUVER
4,N,13,IG
4,N,13,VE
4,N,13,GANNER
4,N,14,SOLT
4,N,14,MELAFIRATIONS
4,N,14,ALK
4,N,14,NAX
4,N,14,RAMBERS
4,N,14,CO
4,N,14,RIGN
4,N,14,PALFENALLY
4,N,14,THI
4,N,14,SCHONINEPICAL
4,N,14,RAMBERCHIP
4,N,14,RECIDLER
4,N,15,VE
4,N,15,VACHE
4,N,15,IB
4,N,15,THI
4,N,15,HARBLE
4,N,15,LEP
4,N,15,YS
4,N,15,FUT
4,N,15,THI
4,N,15,CHESSUPS
4,N,15,STIGS
4,N,15,TOBER
4,S,16,MAMA
4,S,16,SWIRLED
4,S,16,THE
4,S,16,TRAIN
4,S,16,IN
4,S,16,PLACE
4,S,16,AND
4,S,16,NOT
4,S,16,A
4,S,16,STEP
4,S,16,WAS
4,S,16,LOST
4,S,17,OUR
4,S,17,FIRST
4,S,17,NECESSITY
4,S,17,AT
4,S,17,THE
4,S,17,VERY
4,S,17,OUTSET
4,S,17,OF
4,S,17,WAR
4,S,17,IS
4,S,17,POSTATTACK
4,S,17,RECONNAISSANCE
4,S,18,WORST
4,S,18,OF
4,S,18,ALL
4,S,18,WALLY
4,S,18,HAD
4,S,18,NO
4,S,18,TRAINING
4,S,18,FOR
4,S,18,ANY
4,S,18,KIND
4,S,18,OF
4,S,18,WORK
4,N,19,HU
4,N,19,KNOSH
4,N,19,SNAT
4,N,19,THI
4,N,19,EPALORY
4,N,19,OB
4,N,19,LIRR
4,N,19,IB
4,N,19,THI
4,N,19,OUTMECK
4,N,19,IG
4,N,19,AFTUL
4,N,20,AZE
4,N,20,WAM
4,N,20,ENSTANGUE
4,N,20,WIRT
4,N,20,THI
4,N,20,VIER
4,N,20,AP
4,N,20,WERS
4,N,20,TER
4,N,20,HUTBARD
4,N,20,AKE
4,N,20,FRIELED
4,N,21,AKE
4,N,21,QUEN
4,N,21,UT
4,N,21,MOOK
4,N,21,DENJOTERABLY
4,N,21,TODGER
4,N,21,CO
4,N,21,MANG
4,N,21,PROBECATIONS
4,N,21,DOR
4,N,21,GISHING
4,N,21,STARDCUSIONS
4,S,22,FOR
4,S,22,USE
4,S,22,IN
4,S,22,FORMULAS
4,S,22,FRACTIONS
4,S,22,SHOULD
4,S,22,BE
4,S,22,CONVERTED
4,S,22,TO
4,S,22,THEIR
4,S,22,DECIMAL
4,S,22,EQUIVALENTS
4,S,23,THE
4,S,23,ODDS
4,S,23,THUS
4,S,23,APPEAR
4,S,23,FAVORABLE
4,S,23,THAT
4,S,23,THE
4,S,23,SECRETARY'S
4,S,23,NECK
4,S,23,MAY
4,S,23,BE
4,S,23,SPARED
4,S,24,A
4,S,24,LITTLE
4,S,24,THING
4,S,24,BUT
4,S,24,THE
4,S,24,RIGHT
4,S,24,TWIST
4,S,24,FOR
4,S,24,THE
4,S,24,ACTION
4,S,24,THAT
4,S,24,COUNTED
4,S,25,HE
4,S,25,WAS
4,S,25,LIKE
4,S,25,A
4,S,25,MEAN
4,S,25,HORSE
4,S,25,TO
4,S,25,COME
4,S,25,AT
4,S,25,FROM
4,S,25,THE
4,S,25,REAR
4,S,26,I
4,S,26,MUST
4,S,26,STATE
4,S,26,THAT
4,S,26,THE
4,S,26,FASTER
4,S,26,THINGS
4,S,26,HAPPENED
4,S,26,THE
4,S,26,SLOWER
4,S,26,THEY
4,S,26,HAPPENED
4,S,27,TAMPERING
4,S,27,WITH
4,S,27,THE
4,S,27,POST
4,S,27,OFFICE
4,S,27,MAY
4,S,27,INFURIATE
4,S,27,EVERY
4,S,27,VOTER
4,S,27,WHO
4,S,27,CAN
4,S,27,WRITE
4,N,28,FRERE
4,N,28,BEFECK
4,N,28,HUD
4,N,28,SHU
4,N,28,FERT
4,N,28,OB
4,N,28,DREAUX
4,N,28,OB
4,N,28,IMEYICTS
4,N,28,SULT
4,N,28,VE
4,N,28,SCEBS
4,N,29,QUEN
4,N,29,REVOCT
4,N,29,UT
4,N,29,AKE
4,N,29,GISH
4,N,29,THI
4,N,29,WHODE
4,N,29,BOLLOM
4,N,29,VE
4,N,29,SOAT
4,N,29,OB
4,N,29,RECID
4,N,30,CO
4,N,30,GLANKING
4,N,30,SUST
4,N,30,EP
4,N,30,HIN
4,N,30,GANCHES
4,N,30,OB
4,N,30,SNAT
4,N,30,WEMP
4,N,30,TWONG
4,N,30,SNIS
4,N,30,WOY
4,S,31,AFTER
4,S,31,THE
4,S,31,MALE
4,S,31,AND
4,S,31,FEMALE
4,S,31,ANDRENAS
4,S,31,HAVE
4,S,31,MATED
4,S,31,THE
4,S,31,CYCLE
4,S,31,IS
4,S,31,REPEATED
4,S,32,THEY
4,S,32,WILL
4,S,32,GIVE
4,S,32,SUGGESTIONS
4,S,32,THAT
4,S,32,CAN
4,S,32,BE
4,S,32,WORKED
4,S,32,UP
4,S,32,INTO
4,S,32,FIELD
4,S,32,PROCEDURES
4,S,33,IN
4,S,33,SAN
4,S,33,FRANCISCO
4,S,33,BAY
4,S,33,WINDS
4,S,33,ARE
4,S,33,GUSTY
4,S,33,AND
4,S,33,UNDEPENDABLE
4,S,33,DURING
4,S,33,THIS
4,S,33,SEASON
4,N,34,THEKE
4,N,34,ANSAFTSMENTS
4,N,34,IB
4,N,34,RURN
4,N,34,INMUFIT
4,N,34,TEARKING
4,N,34,AKE
4,N,34,VE
4,N,34,VISLEES
4,N,34,BYFLE
4,N,34,IG
4,N,34,COMBLONED
4,N,35,TEEKING
4,N,35,PAWTENLY
4,N,35,NEAN
4,N,35,AKE
4,N,35,SUBRUPT
4,N,35,SHU
4,N,35,PLESSED
4,N,35,QUIMP
4,N,35,RAFERLY
4,N,35,AKE
4,N,35,WEMP
4,N,35,DOFTSTAFTS
4,N,36,FRUS
4,N,36,ESENDS
4,N,36,ULCARRED
4,N,36,AKE
4,N,36,VECTIGE
4,N,36,CHABBED
4,N,36,IB
4,N,36,AMPIERANCE
4,N,36,AKE
4,N,36,NAX
4,N,36,ONKS
4,N,36,ARREMPED
4,N,37,VE
4,N,37,SESSACK
4,N,37,OB
4,N,37,LEMP
4,N,37,THAP
4,N,37,FAXTEEN
4,N,37,WOTHS
4,N,37,CO
4,N,37,RAMBERCHIP
4,N,37,CONT
4,N,37,KNUNTY-JIKE
4,N,37,CEWED
4,N,38,THI
4,N,38,UNOBBINIAR
4,N,38,CORLERECK
4,N,38,OB
4,N,38,MARNACISTARIANS
4,N,38,IG
4,N,38,IFENGABLE
4,N,38,AP
4,N,38,VE
4,N,38,RATENGIAL
4,N,38,HAGILCATIVE
4,N,38,ICCHARITY
4,N,39,HU
4,N,39,WABSED
4,N,39,CO
4,N,39,IRANSIDY
4,N,39,WIRT
4,N,39,DAOPLE
4,N,39,AKE
4,N,39,HABS
4,N,39,VE
4,N,39,CONRUSTION
4,N,39,WIRT
4,N,39,WHEM
4,S,40,THE
4,S,40,ELECTRON
4,S,40,OPTICAL
4,S,40,SYSTEM
4,S,40,MAY
4,S,40,BE
4,S,40,EITHER
4,S,40,A
4,S,40,MAGNETIC
4,S,40,OR
4,S,40,ELECTROSTATIC
4,S,40,ONE
4,S,41,SHAKESPEARE
4,S,41,IS
4,S,41,CLOSER
4,S,41,TO
4,S,41,SOPHOCLES
4,S,41,THAN
4,S,41,HE
4,S,41,IS
4,S,41,TO
4,S,41,POPE
4,S,41,AND
4,S,41,VOLTAIRE
4,S,42,STANLEY
4,S,42,HAD
4,S,42,GONE
4,S,42,OUT
4,S,42,SAYING
4,S,42,HE
4,S,42,WOULD
4,S,42,BE
4,S,42,BACK
4,S,42,IN
4,S,42,AN
4,S,42,HOUR
4,S,43,IN
4,S,43,SPENDING
4,S,43,HIS
4,S,43,MONEY
4,S,43,TODAY
4,S,43,THE
4,S,43,CONSUMER
4,S,43,IS
4,S,43,PULLED
4,S,43,IN
4,S,43,MANY
4,S,43,DIRECTIONS
4,S,44,CONTINUE
4,S,44,ANOTHER
4,S,44,HUNDRED
4,S,44,YARDS
4,S,44,TO
4,S,44,THE
4,S,44,PIAZZA
4,S,44,OF
4,S,44,THE
4,S,44,KNIGHTS
4,S,44,OF
4,S,44,MALTA
4,S,45,COVERAGE
4,S,45,OF
4,S,45,THE
4,S,45,LITERATURE
4,S,45,EXTENDS
4,S,45,THROUGH
4,S,45,1954
4,S,45,AND
4,S,45,INCLUDES
4,S,45,SOME
4,S,45,1955
4,S,45,REFERENCES
4,N,46,UNVOMMOTATELY
4,N,46,HIN
4,N,46,VOYNE
4,N,46,WAM
4,N,46,OUP
4,N,46,OB
4,N,46,FONOS
4,N,46,AKE
4,N,46,UXTEN
4,N,46,SPREAN
4,N,46,IB
4,N,46,SWOMITY
4,N,47,TUFERAC
4,N,47,MORKICES
4,N,47,WERS
4,N,47,HERK
4,N,47,THUSSNAY
4,N,47,AFTERCOAD
4,N,47,AP
4,N,47,FOUS
4,N,47,O'CLOMS
4,N,47,AP
4,N,47,THI
4,N,47,HOTH
4,N,48,DOR
4,N,48,SNIS
4,N,48,PERPOCK
4,N,48,VE
4,N,48,DETRIE
4,N,48,OB
4,N,48,INTESSELLEAL
4,N,48,AKE
4,N,48,ESUREANAL
4,N,48,INVINKMENT
4,N,48,IG
4,N,48,FICESTORY
5,N,1,THI
5,N,1,RANSER
5,N,1,LAM
5,N,1,IB
5,N,1,THI
5,N,1,ICERIGON
5,N,1,PEFYSION
5,N,1,SNAT
5,N,1,LIFLEAR
5,N,1,DEWERNISTS
5,N,1,WAM
5,N,1,ENEAUX
5,N,2,HU
5,N,2,OSANED
5,N,2,THI
5,N,2,DOOB
5,N,2,AKE
5,N,2,WEMP
5,N,2,IB
5,N,2,PEDGING
5,N,2,UT
5,N,2,GRUT
5,N,2,BEZEND
5,N,2,MIM
5,N,3,ADVACT
5,N,3,IG
5,N,3,GISHEN
5,N,3,ASDO
5,N,3,OL
5,N,3,PROSLEPS
5,N,3,OB
5,N,3,PLABS
5,N,3,TALATION
5,N,3,AKE
5,N,3,PLABS
5,N,3,SPAME
5,S,4,ALSO
5,S,4,INTERLOBULAR
5,S,4,AIR
5,S,4,DRIFTS
5,S,4,MAY
5,S,4,BE
5,S,4,ALL
5,S,4,BUT
5,S,4,NONEXISTENT
5,S,4,IN
5,S,4,THE
5,S,4,COW
5,S,5,THE
5,S,5,ACADEMIC
5,S,5,DEAN
5,S,5,SHOULD
5,S,5,TAKE
5,S,5,A
5,S,5,DIRECT
5,S,5,LONGTERM
5,S,5,INTEREST
5,S,5,IN
5,S,5,FACULTY
5,S,5,DEVELOPMENT
5,S,6,HOWEVER
5,S,6,THE
5,S,6,ANODE
5,S,6,IS
5,S,6,STILL
5,S,6,THE
5,S,6,PART
5,S,6,RECEIVING
5,S,6,THE
5,S,6,LARGEST
5,S,6,HEAT
5,S,6,FLUX
5,S,7,BUT
5,S,7,IDEAS
5,S,7,JUST
5,S,7,FOR
5,S,7,THE
5,S,7,SAKE
5,S,7,OF
5,S,7,HAVING
5,S,7,THEM
5,S,7,ARE
5,S,7,NOT
5,S,7,ENOUGH
5,S,8,FURTHERMORE
5,S,8,THERE
5,S,8,WERE
5,S,8,SOLID
5,S,8,MUSICAL
5,S,8,VIRTUES
5,S,8,IN
5,S,8,THE
5,S,8,INTERPRETATION
5,S,8,OF
5,S,8,THE
5,S,8,MUSIC
5,S,9,AN
5,S,9,OUTDOOR
5,S,9,ABOVEGROUND
5,S,9,FALLOUT
5,S,9,SHELTER
5,S,9,ALSO
5,S,9,MAY
5,S,9,BE
5,S,9,BUILT
5,S,9,WITH
5,S,9,CONCRETE
5,S,9,BLOCKS
5,N,10,HU
5,N,10,WAM
5,N,10,MUDELY
5,N,10,BREARING
5,N,10,VE
5,N,10,WOY
5,N,10,CO
5,N,10,SNAT
5,N,10,HU
5,N,10,HUD
5,N,10,CO
5,N,10,ZO
5,N,11,FRUS
5,N,11,HAR
5,N,11,THI
5,N,11,ABRUNCES
5,N,11,MAPE
5,N,11,HABS
5,N,11,BEEG
5,N,11,ALBUST
5,N,11,ERTAUSLY
5,N,11,ATANG
5,N,11,HEMPTIONAL
5,N,11,LIPES
5,N,12,THI
5,N,12,REOT
5,N,12,TREESLE
5,N,12,SEECH
5,N,12,CO
5,N,12,TE
5,N,12,THI
5,N,12,TANGING
5,N,12,AXACIPITION
5,N,12,OB
5,N,12,YS
5,N,12,SNAYGRISHED
5,S,13,SHALL
5,S,13,WE
5,S,13,FLIP
5,S,13,A
5,S,13,COIN
5,S,13,TO
5,S,13,SEE
5,S,13,WHICH
5,S,13,OF
5,S,13,US
5,S,13,GOES
5,S,13,FIRST
5,S,14,I
5,S,14,KNOW
5,S,14,IT
5,S,14,IS
5,S,14,MIDWEEK
5,S,14,BUT
5,S,14,IT'S
5,S,14,ONLY
5,S,14,EIGHT
5,S,14,DAYS
5,S,14,BEFORE
5,S,14,COMMENCEMENT
5,S,15,THIS
5,S,15,EXCHANGE
5,S,15,MUST
5,S,15,RESULT
5,S,15,IN
5,S,15,OUR
5,S,15,ENDING
5,S,15,UP
5,S,15,WITH
5,S,15,SOME
5,S,15,EFFECTIVE
5,S,15,UNITS
5,N,16,DOR
5,N,16,SNAT
5,N,16,HUD
5,N,16,HAPPICKS
5,N,16,OL
5,N,16,THI
5,N,16,COGGON
5,N,16,WAM
5,N,16,OLTY
5,N,16,LURROR
5,N,16,AKE
5,N,16,FLIMES
5,N,17,SERING
5,N,17,VE
5,N,17,1933
5,N,17,FAPURFY
5,N,17,IB
5,N,17,JACON
5,N,17,THI
5,N,17,HEA
5,N,17,SMOWED
5,N,17,SPELLIENTLY
5,N,17,AP
5,N,17,NIFFS
5,N,18,MOTERAL
5,N,18,WERS
5,N,18,BOFF
5,N,18,IB
5,N,18,THI
5,N,18,EUCLY
5,N,18,DEPIDES
5,N,18,AKE
5,N,18,PERLANTED
5,N,18,SHROUSEOUT
5,N,18,THI
5,N,18,CUNDUSY
5,S,19,SPIRITUAL
5,S,19,LIFE
5,S,19,IS
5,S,19,CULTIVATED
5,S,19,BUT
5,S,19,STUDENTS
5,S,19,DO
5,S,19,NOT
5,S,19,NEED
5,S,19,TO
5,S,19,BE
5,S,19,CHRISTIAN
5,S,20,THESE
5,S,20,ANNOUNCEMENTS
5,S,20,ARE
5,S,20,IN
5,S,20,EFFECT
5,S,20,ADVERTISEMENTS
5,S,20,FOR
5,S,20,THEMSELVES
5,S,20,AS
5,S,20,THRIVING
5,S,20,MARRIAGE
5,S,20,MARTS
5,S,21,WE
5,S,21,SHUFFLE
5,S,21,A
5,S,21,LARGE
5,S,21,PERCENTAGE
5,S,21,OF
5,S,21,THE
5,S,21,CARS
5,S,21,ACROSS
5,S,21,THE
5,S,21,RIVER
5,S,21,TWICE
5,N,22,VE
5,N,22,PEMIES
5,N,22,OB
5,N,22,CORLERECKS
5,N,22,WIRT
5,N,22,FRIELED
5,N,22,AKE
5,N,22,CARKERS
5,N,22,BEDON
5,N,22,ACOOT
5,N,22,SNIS
5,N,22,SIME
5,N,23,VE
5,N,23,RESCRASTED
5,N,23,FROTAGE
5,N,23,MAL
5,N,23,TE
5,N,23,FOO
5,N,23,CRALFED
5,N,23,AG
5,N,23,AWYO
5,N,23,DOR
5,N,23,PIGLIC
5,N,23,UKE
5,N,24,OLTY
5,N,24,THI
5,N,24,PRESIBATE
5,N,24,IG
5,N,24,PERBESTED
5,N,24,CO
5,N,24,ABSCARIZE
5,N,24,THI
5,N,24,UKE
5,N,24,OB
5,N,24,LIFLEAR
5,N,24,WEEMONS
5,N,25,ACLER
5,N,25,CO
5,N,25,JARE
5,N,25,DREVE
5,N,25,AGAM
5,N,25,PRUPENT
5,N,25,WEMP
5,N,25,OL
5,N,25,FEAKING
5,N,25,OUP
5,N,25,THI
5,N,25,WINNAW
5,N,26,THUY
5,N,26,REFICK
5,N,26,CO
5,N,26,PENTEEN
5,N,26,OB
5,N,26,CO
5,N,26,NOLIGE
5,N,26,SNAT
5,N,26,THUY
5,N,26,AMS
5,N,26,NOP
5,N,26,THEVE
5,N,27,AKE
5,N,27,AP
5,N,27,GLETUATES
5,N,27,GRAMPTULLY
5,N,27,REDELL
5,N,27,SHU
5,N,27,PREW
5,N,27,OL
5,N,27,TER
5,N,27,PUFTS
5,N,27,AP
5,N,27,WECK
5,S,28,IT
5,S,28,WASN'T
5,S,28,EVEN
5,S,28,TRUE
5,S,28,THAT
5,S,28,HE'D
5,S,28,SAID
5,S,28,HE
5,S,28,WAS
5,S,28,SORRY
5,S,28,THAT
5,S,28,TIME
5,S,29,IN
5,S,29,DUE
5,S,29,TIME
5,S,29,SANDBURG
5,S,29,WAS
5,S,29,A
5,S,29,WALKING
5,S,29,THESAURUS
5,S,29,OF
5,S,29,AMERICAN
5,S,29,FOLK
5,S,29,MUSIC
5,S,30,IN
5,S,30,THE
5,S,30,MARITIME
5,S,30,PROVINCES
5,S,30,FARTHER
5,S,30,EAST
5,S,30,THE
5,S,30,TONES
5,S,30,ARE
5,S,30,A
5,S,30,LITTLE
5,S,30,QUIETER
5,N,31,SNIS
5,N,31,OB
5,N,31,COUNGE
5,N,31,RECUPTS
5,N,31,SNOM
5,N,31,THI
5,N,31,MOMCONCALOUNTLY
5,N,31,CUTTULAR
5,N,31,THANECTER
5,N,31,OB
5,N,31,RATENGIAL
5,N,31,SKEADY
5,N,32,HU
5,N,32,ROUCHED
5,N,32,DOFT
5,N,32,AKE
5,N,32,CLOTED
5,N,32,HIN
5,N,32,TINVERS
5,N,32,OL
5,N,32,THI
5,N,32,PLAB'S
5,N,32,OMPER
5,N,32,AZE
5,N,33,TJP
5,N,33,MAS
5,N,33,VE
5,N,33,MACHURE
5,N,33,SNAT
5,N,33,HAN
5,N,33,UNDERCHIRD
5,N,33,FLOJEN
5,N,33,WOTHS
5,N,33,AKE
5,N,33,TARM
5,N,33,BAPS
5,S,34,HE
5,S,34,TOOK
5,S,34,UP
5,S,34,A
5,S,34,WHITE
5,S,34,SHEET
5,S,34,OF
5,S,34,PAPER
5,S,34,DARK
5,S,34,WITH
5,S,34,SINGLE-SPACED
5,S,34,DATA
5,S,35,HE
5,S,35,SITS
5,S,35,THERE
5,S,35,REMEMBERING
5,S,35,THE
5,S,35,TENSE
5,S,35,MOMENT
5,S,35,BEFORE
5,S,35,THE
5,S,35,BALL
5,S,35,WAS
5,S,35,SNAPPED
5,S,36,YET
5,S,36,SOME
5,S,36,LIKE
5,S,36,MORRIS
5,S,36,MANDERSCHEID
5,S,36,WOULD
5,S,36,BANKRUPT
5,S,36,THEMSELVES
5,S,36,FOR
5,S,36,THE
5,S,36,NEW
5,S,36,IDEAS
5,S,37,FOR
5,S,37,EXAMPLE
5,S,37,A
5,S,37,SALES
5,S,37,PRESENTATION
5,S,37,CAN
5,S,37,BE
5,S,37,ANALYZED
5,S,37,AND
5,S,37,EVALUATED
5,S,37,THROUGH
5,S,37,ROLE-PLAYING
5,S,38,I
5,S,38,WENT
5,S,38,TO
5,S,38,YOUR
5,S,38,ROOMS
5,S,38,AND
5,S,38,ANTHONY
5,S,38,TOLD
5,S,38,ME
5,S,38,YOU
5,S,38,WERE
5,S,38,HERE
5,S,39,THEN
5,S,39,WITH
5,S,39,DISAPPOINTMENT
5,S,39,EVIDENT
5,S,39,UPON
5,S,39,THEIR
5,S,39,FACES
5,S,39,THEY
5,S,39,MOVED
5,S,39,TO
5,S,39,THE
5,S,39,WORK
5,N,40,HU
5,N,40,UNHIMPSED
5,N,40,HIN
5,N,40,HORMS
5,N,40,WARVED
5,N,40,UT
5,N,40,AGAM
5,N,40,MEARTED
5,N,40,AKE
5,N,40,SPUDGED
5,N,40,UT
5,N,40,OL
5,N,41,VE
5,N,41,SICOPS
5,N,41,ERGLURATION
5,N,41,IG
5,N,41,SUFFISTED
5,N,41,BU
5,N,41,THI
5,N,41,RODEGIAL
5,N,41,DESTROBED
5,N,41,IB
5,N,41,RECUPTS
5,N,41,SADER
5,N,42,THI
5,N,42,MAB
5,N,42,SHODGE
5,N,42,MIM
5,N,42,INGI
5,N,42,THI
5,N,42,GALER
5,N,42,QUEN
5,N,42,SAN
5,N,42,PAGS
5,N,42,THI
5,N,42,AFTERCOAD
5,N,43,UT
5,N,43,WIMS
5,N,43,LAFEVER
5,N,43,INMUFIT
5,N,43,THI
5,N,43,SCREATING
5,N,43,OB
5,N,43,MOTANIAS
5,N,43,AKE
5,N,43,ULLER
5,N,43,ROOP
5,N,43,LIBELABLES
5,N,44,IB
5,N,44,THI
5,N,44,PRACTAKE
5,N,44,OB
5,N,44,THEIL
5,N,44,ATH
5,N,44,THEVE
5,N,44,IG
5,N,44,AG
5,N,44,ULPIOUS
5,N,44,TALLMICAL
5,N,44,REPOMFLANCE
5,N,45,CLAXERS
5,N,45,AKE
5,N,45,CABILYNE
5,N,45,IB
5,N,45,WRO
5,N,45,BETBOOMS
5,N,45,AKE
5,N,45,VE
5,N,45,PEMING
5,N,45,TOOM
5,N,45,WERS
5,N,45,RANGECKED
5,S,46,HE
5,S,46,MADE
5,S,46,THE
5,S,46,DECISION
5,S,46,WITH
5,S,46,HIS
5,S,46,EYES
5,S,46,OPEN
5,S,46,OR
5,S,46,SO
5,S,46,HE
5,S,46,THOUGHT
5,S,47,FEW
5,S,47,OF
5,S,47,THE
5,S,47,NEIGHBORS
5,S,47,CAME
5,S,47,BUT
5,S,47,MRS
5,S,47,TUSSLE
5,S,47,CAME
5,S,47,CALLED
5,S,47,BY
5,S,47,TRAGEDY
5,S,48,OR
5,S,48,MUST
5,S,48,IT
5,S,48,BECOME
5,S,48,LAW
5,S,48,BY
5,S,48,AMENDMENT
5,S,48,OF
5,S,48,THE
5,S,48,UNITED
5,S,48,STATES
5,S,48,CONSTITUTION
6,N,1,ACLER
6,N,1,THI
6,N,1,MAFF
6,N,1,AKE
6,N,1,LEMACT
6,N,1,PAGAKIVES
6,N,1,HABS
6,N,1,PAMED
6,N,1,THI
6,N,1,BYFLE
6,N,1,IG
6,N,1,REMEETED
6,N,2,THUY
6,N,2,WID
6,N,2,NOP
6,N,2,KNOG
6,N,2,PLO
6,N,2,THUY
6,N,2,WERS
6,N,2,OB
6,N,2,KNOG
6,N,2,THEIL
6,N,2,OPE
6,N,2,WORCH
6,N,3,DOR
6,N,3,MOTERAL
6,N,3,DAPE
6,N,3,SHU
6,N,3,WAM
6,N,3,IGS
6,N,3,AP
6,N,3,VE
6,N,3,RECUPT
6,N,3,OB
6,N,3,LOA'S
6,N,3,CHEASMENT
6,S,4,FUNERAL
6,S,4,SERVICES
6,S,4,WERE
6,S,4,HELD
6,S,4,THURSDAY
6,S,4,AFTERNOON
6,S,4,AT
6,S,4,FOUR
6,S,4,O'CLOCK
6,S,4,AT
6,S,4,THE
6,S,4,HOME
6,S,5,HE
6,S,5,WANTED
6,S,5,TO
6,S,5,IDENTIFY
6,S,5,WITH
6,S,5,PEOPLE
6,S,5,AND
6,S,5,HAVE
6,S,5,A
6,S,5,CONNECTION
6,S,5,WITH
6,S,5,THEM
6,S,6,SOME
6,S,6,EXTREMISTS
6,S,6,WENT
6,S,6,SO
6,S,6,FAR
6,S,6,AS
6,S,6,TO
6,S,6,URGE
6,S,6,OUR
6,S,6,USING
6,S,6,IT
6,S,6,FIRST
6,S,7,FEELING
6,S,7,SUDDENLY
6,S,7,NEAT
6,S,7,AND
6,S,7,SUBDUED
6,S,7,SHE
6,S,7,DRESSED
6,S,7,QUITE
6,S,7,SOBERLY
6,S,7,AND
6,S,7,WENT
6,S,7,DOWNSTAIRS
6,S,8,THUS
6,S,8,EVENTS
6,S,8,OCCURRED
6,S,8,AND
6,S,8,VICTIMS
6,S,8,CHANGED
6,S,8,IN
6,S,8,APPEARANCE
6,S,8,AND
6,S,8,NEW
6,S,8,ONES
6,S,8,ARRIVED
6,S,9,IDEAS
6,S,9,NEED
6,S,9,TO
6,S,9,BE
6,S,9,TESTED
6,S,9,AND
6,S,9,NOT
6,S,9,MERELY
6,S,9,BY
6,S,9,ARGUMENT
6,S,9,AND
6,S,9,DEBATE
6,N,10,CHEXTER
6,N,10,HUD
6,N,10,GOKE
6,N,10,OUP
6,N,10,SARING
6,N,10,HU
6,N,10,WOUPE
6,N,10,TE
6,N,10,BAPS
6,N,10,IB
6,N,10,AG
6,N,10,MOUR
6,N,11,AKE
6,N,11,SHU
6,N,11,HUD
6,N,11,AG
6,N,11,ASSETINT
6,N,11,DOR
6,N,11,TEARKING
6,N,11,SNAT
6,N,11,COUGE
6,N,11,NOP
6,N,11,TE
6,N,11,DEGEED
6,N,12,VE
6,N,12,FOTTLE
6,N,12,FRING
6,N,12,BUH
6,N,12,THI
6,N,12,RILKS
6,N,12,TWIMS
6,N,12,DOR
6,N,12,THI
6,N,12,ACCUIN
6,N,12,SNAT
6,N,12,COOSTED
6,S,13,FOR
6,S,13,THIS
6,S,13,PURPOSE
6,S,13,A
6,S,13,DEGREE
6,S,13,OF
6,S,13,INTELLECTUAL
6,S,13,AND
6,S,13,EMOTIONAL
6,S,13,INVOLVEMENT
6,S,13,IS
6,S,13,NECESSARY
6,S,14,ANN
6,S,14,WAS
6,S,14,ENTRANCED
6,S,14,WITH
6,S,14,THE
6,S,14,VIEW
6,S,14,AS
6,S,14,WERE
6,S,14,HER
6,S,14,HUSBAND
6,S,14,AND
6,S,14,FRIENDS
6,S,15,THE
6,S,15,MAN
6,S,15,WAS
6,S,15,AN
6,S,15,OX
6,S,15,AND
6,S,15,HE
6,S,15,PUT
6,S,15,UP
6,S,15,A
6,S,15,CREDITABLE
6,S,15,STRUGGLE
6,N,16,FUBSLEING
6,N,16,WIRT
6,N,16,THI
6,N,16,POGS
6,N,16,UFFICT
6,N,16,MAL
6,N,16,INFAPURFY
6,N,16,ELKBY
6,N,16,VAVER
6,N,16,PLO
6,N,16,HAN
6,N,16,WRIKE
6,N,17,CO
6,N,17,MANDIED
6,N,17,WAM
6,N,17,NOP
6,N,17,AG
6,N,17,OAMY
6,N,17,MAB
6,N,17,CO
6,N,17,FLESSIGY
6,N,17,OB
6,N,17,CO
6,N,17,LAPAL
6,N,18,OUF
6,N,18,FINSE
6,N,18,NEVARRITY
6,N,18,AP
6,N,18,THI
6,N,18,VITY
6,N,18,EATVET
6,N,18,OB
6,N,18,WIM
6,N,18,IG
6,N,18,POGATTIPS
6,N,18,BECONMASHANTS
6,S,19,THESE
6,S,19,MALADJUSTMENTS
6,S,19,IN
6,S,19,TURN
6,S,19,INHIBIT
6,S,19,LEARNING
6,S,19,AND
6,S,19,A
6,S,19,VICIOUS
6,S,19,CYCLE
6,S,19,IS
6,S,19,COMPLETED
6,S,20,THE
6,S,20,OLD
6,S,20,MAN
6,S,20,OPENED
6,S,20,THE
6,S,20,DOOR
6,S,20,AND
6,S,20,STEPPED
6,S,20,OUT
6,S,20,INTO
6,S,20,THE
6,S,20,SUNLIGHT
6,S,21,IT
6,S,21,MUST
6,S,21,PLAY
6,S,21,A
6,S,21,GAME
6,S,21,IN
6,S,21,WHICH
6,S,21,THERE
6,S,21,NEVER
6,S,21,IS
6,S,21,A
6,S,21,WINNER
6,N,22,THUY
6,N,22,WIMS
6,N,22,GISH
6,N,22,SUFFISTIONS
6,N,22,SNAT
6,N,22,HAN
6,N,22,TE
6,N,22,WOZED
6,N,22,EP
6,N,22,INGI
6,N,22,FIEGE
6,N,22,PROMEDYPES
6,N,23,THI
6,N,23,OWDS
6,N,23,FRUS
6,N,23,AMPIER
6,N,23,JOLEARABLE
6,N,23,SNAT
6,N,23,THI
6,N,23,POSMETARY'S
6,N,23,NEDS
6,N,23,MAL
6,N,23,TE
6,N,23,SLARED
6,N,24,THI
6,N,24,FINSE
6,N,24,WRO
6,N,24,MESSOMS
6,N,24,ASTRY
6,N,24,CO
6,N,24,BOWN
6,N,24,INSAX
6,N,24,WOTHS
6,N,24,AKE
6,N,24,ELESTRIDIC
6,N,24,QUETCHES
6,N,25,BOTERAGE
6,N,25,OB
6,N,25,THI
6,N,25,FATERATESE
6,N,25,ELTERDS
6,N,25,SHROUSE
6,N,25,1954
6,N,25,AKE
6,N,25,INSPODES
6,N,25,SOLT
6,N,25,1955
6,N,25,DETERORSES
6,N,26,IB
6,N,26,SPOTHING
6,N,26,HIN
6,N,26,MENEM
6,N,26,LOGAY
6,N,26,THI
6,N,26,CONGIVER
6,N,26,IG
6,N,26,PEDGED
6,N,26,IB
6,N,26,PARY
6,N,26,DITUSTIONS
6,N,27,FROTE
6,N,27,LUNCES
6,N,27,WERS
6,N,27,COYERDS
6,N,27,WIRT
6,N,27,WIBBINIA
6,N,27,CREALER
6,N,27,OB
6,N,27,SHAMPET
6,N,27,VINTS
6,N,27,OB
6,N,27,TONEDDUCTLE
6,S,28,HE
6,S,28,SUGGESTED
6,S,28,THAT
6,S,28,THEY
6,S,28,CALL
6,S,28,ON
6,S,28,THESE
6,S,28,BROTHERS
6,S,28,WHO
6,S,28,RECEIVED
6,S,28,THEM
6,S,28,PLEASANTLY
6,S,29,AND
6,S,29,THEN
6,S,29,IT
6,S,29,TOOK
6,S,29,CONSIDERABLY
6,S,29,LONGER
6,S,29,TO
6,S,29,MAKE
6,S,29,PREPARATIONS
6,S,29,FOR
6,S,29,GIVING
6,S,29,TRANSFUSIONS
6,S,30,HE
6,S,30,KNOWS
6,S,30,THAT
6,S,30,THE
6,S,30,ECONOMY
6,S,30,OF
6,S,30,LIFE
6,S,30,IN
6,S,30,THE
6,S,30,OUTBACK
6,S,30,IS
6,S,30,AWFUL
6,N,31,CONTITOM
6,N,31,ATURVER
6,N,31,HENSKED
6,N,31,YATHS
6,N,31,CO
6,N,31,THI
6,N,31,SIAFFA
6,N,31,OB
6,N,31,THI
6,N,31,SMIGHTS
6,N,31,OB
6,N,31,MATBA
6,N,32,SHAUNDREARE
6,N,32,IG
6,N,32,CLOTER
6,N,32,CO
6,N,32,STYGERLY
6,N,32,THAP
6,N,32,HU
6,N,32,IG
6,N,32,CO
6,N,32,POLT
6,N,32,AKE
6,N,32,INSPODE
6,N,33,PALA
6,N,33,SWILKED
6,N,33,THI
6,N,33,TRASK
6,N,33,IB
6,N,33,PLAPE
6,N,33,AKE
6,N,33,NOP
6,N,33,VE
6,N,33,STYP
6,N,33,WAM
6,N,33,LOMPT
6,S,34,THEN
6,S,34,REMOVE
6,S,34,IT
6,S,34,AND
6,S,34,GIVE
6,S,34,THE
6,S,34,WHOLE
6,S,34,BOTTOM
6,S,34,A
6,S,34,COAT
6,S,34,OF
6,S,34,RESIN
6,S,35,THEY
6,S,35,NOT
6,S,35,ONLY
6,S,35,THINK
6,S,35,AND
6,S,35,FEEL
6,S,35,CLICHES
6,S,35,BUT
6,S,35,LIVE
6,S,35,CLICHES
6,S,35,AS
6,S,35,WELL
6,S,36,MR
6,S,36,KENNAN
6,S,36,SUMS
6,S,36,UP
6,S,36,HIS
6,S,36,JUDGMENT
6,S,36,OF
6,S,36,WHAT
6,S,36,WENT
6,S,36,WRONG
6,S,36,THIS
6,S,36,WAY
6,S,37,SOME
6,S,37,DENOMINATIONS
6,S,37,ASK
6,S,37,NEW
6,S,37,MEMBERS
6,S,37,TO
6,S,37,SIGN
6,S,37,PERSONALLY
6,S,37,THE
6,S,37,CHRONOLOGICAL
6,S,37,MEMBERSHIP
6,S,37,REGISTER
6,S,38,A
6,S,38,VALVE
6,S,38,IN
6,S,38,THE
6,S,38,HANDLE
6,S,38,LET
6,S,38,US
6,S,38,CUT
6,S,38,THE
6,S,38,PRESSURE
6,S,38,STILL
6,S,38,LOWER
6,S,39,THE
6,S,39,UNOFFICIAL
6,S,39,CONFERENCE
6,S,39,OF
6,S,39,PARLIAMENTARIANS
6,S,39,IS
6,S,39,AVAILABLE
6,S,39,AS
6,S,39,A
6,S,39,POTENTIAL
6,S,39,LEGISLATIVE
6,S,39,AUTHORITY
6,N,40,U
6,N,40,HUST
6,N,40,STAWS
6,N,40,SNAT
6,N,40,THI
6,N,40,FITHER
6,N,40,FRINGS
6,N,40,HAPPICKS
6,N,40,THI
6,N,40,SLUMER
6,N,40,THUY
6,N,40,HAPPICKS
6,N,41,THI
6,N,41,ELESTRID
6,N,41,UFLICAL
6,N,41,SYNTEP
6,N,41,MAL
6,N,41,TE
6,N,41,AEPHER
6,N,41,VE
6,N,41,PAUMETIC
6,N,41,OB
6,N,41,POPEDINOUSNESS
6,N,41,ONK
6,N,42,WORBS
6,N,42,OB
6,N,42,ACK
6,N,42,COANGLY
6,N,42,HUD
6,N,42,ZO
6,N,42,TRASKING
6,N,42,DOR
6,N,42,EKY
6,N,42,KISE
6,N,42,OB
6,N,42,WOZE
6,N,43,HU
6,N,43,WAM
6,N,43,LOKE
6,N,43,VE
6,N,43,MEAP
6,N,43,HORMS
6,N,43,CO
6,N,43,CORT
6,N,43,AP
6,N,43,SNOM
6,N,43,THI
6,N,43,CEAR
6,N,44,DOR
6,N,44,UKE
6,N,44,IB
6,N,44,HOMPULAS
6,N,44,GRACTOUNS
6,N,44,SHOUPE
6,N,44,TE
6,N,44,CONLINTED
6,N,44,CO
6,N,44,THEIL
6,N,44,DIKIBAL
6,N,44,EPRIGALIZED
6,N,45,IB
6,N,45,WABS
6,N,45,THANECTER
6,N,45,BAB
6,N,45,WIKED
6,N,45,AMS
6,N,45,GENGY
6,N,45,AKE
6,N,45,UNRENOTHABLE
6,N,45,SERING
6,N,45,SNIS
6,N,45,MEAPON
6,S,46,UNFORTUNATELY
6,S,46,HIS
6,S,46,VOICE
6,S,46,WAS
6,S,46,OUT
6,S,46,OF
6,S,46,FOCUS
6,S,46,AND
6,S,46,OFTEN
6,S,46,SPREAD
6,S,46,IN
6,S,46,QUALITY
6,S,47,WHERE
6,S,47,BEFORE
6,S,47,HAD
6,S,47,SHE
6,S,47,FELT
6,S,47,OR
6,S,47,DREAMT
6,S,47,OR
6,S,47,IMAGINED
6,S,47,SUCH
6,S,47,A
6,S,47,SCENE
6,S,48,A
6,S,48,MESSAGE
6,S,48,OF
6,S,48,LESS
6,S,48,THAN
6,S,48,FIFTEEN
6,S,48,WORDS
6,S,48,TO
6,S,48,BENNINGTON
6,S,48,COST
6,S,48,TWENTY-FIVE
6,S,48,CENTS
7,N,1,AKE
7,N,1,SNIS
7,N,1,U
7,N,1,GLANK
7,N,1,HOINS
7,N,1,DOR
7,N,1,VASUGS
7,N,1,AP
7,N,1,WECK
7,N,1,AP
7,N,1,LIRR
7,N,1,STYTHS
7,N,2,BOPED
7,N,2,AKE
7,N,2,CARLITAWN
7,N,2,TRATENIT
7,N,2,POADLY
7,N,2,AKE
7,N,2,TEKS
7,N,2,CO
7,N,2,RESTELL
7,N,2,THI
7,N,2,OCTRABANIC
7,N,2,SETNALS
7,N,3,THI
7,N,3,FILKES
7,N,3,WHINT
7,N,3,SURVORT
7,N,3,THI
7,N,3,INILEET
7,N,3,ATTIPS
7,N,3,HUST
7,N,3,TE
7,N,3,DOUND
7,N,3,AKE
7,N,3,DESTRUMMED
7,S,4,SHAYNE
7,S,4,GOT
7,S,4,IN
7,S,4,THE
7,S,4,LEFTHAND
7,S,4,LANE
7,S,4,AND
7,S,4,CUT
7,S,4,ACROSS
7,S,4,THE
7,S,4,BOULEVARD
7,S,4,DIVIDER
7,S,5,BUT
7,S,5,A
7,S,5,GREAT
7,S,5,MANY
7,S,5,OF
7,S,5,THE
7,S,5,DANCERS
7,S,5,ARE
7,S,5,MORE
7,S,5,OR
7,S,5,LESS
7,S,5,NATIVE
7,S,6,HE
7,S,6,CANNOT
7,S,6,DESCRIBE
7,S,6,ECLIPSES
7,S,6,WITHOUT
7,S,6,ENTERTAINING
7,S,6,SOME
7,S,6,FORM
7,S,6,OF
7,S,6,A
7,S,6,THREE-BODY
7,S,6,PROBLEM
7,S,7,DOWN
7,S,7,THE
7,S,7,BOULEVARD
7,S,7,HE
7,S,7,COULD
7,S,7,SEE
7,S,7,A
7,S,7,PORTION
7,S,7,OF
7,S,7,THE
7,S,7,GHETTO
7,S,7,WALL
7,S,8,THIS
7,S,8,ASPECT
7,S,8,OF
7,S,8,THE
7,S,8,TOTAL
7,S,8,PICTURE
7,S,8,HAS
7,S,8,BEEN
7,S,8,COMMENTED
7,S,8,UPON
7,S,8,OFTEN
7,S,8,ENOUGH
7,S,9,IF
7,S,9,SO
7,S,9,I
7,S,9,WOULD
7,S,9,LEAN
7,S,9,TO
7,S,9,SIR
7,S,9,CHARLES
7,S,9,CONCEPTION
7,S,9,OF
7,S,9,THE
7,S,9,MAN
7,N,10,AKE
7,N,10,THI
7,N,10,ERTAUSTY
7,N,10,OB
7,N,10,THI
7,N,10,GESURAL
7,N,10,WOPTS
7,N,10,IG
7,N,10,PANVY
7,N,10,CO
7,N,10,THI
7,N,10,ACCUIN
7,N,11,ELKBYVIDY
7,N,11,HUD
7,N,11,ACTOLTED
7,N,11,TER
7,N,11,DOR
7,N,11,SNAT
7,N,11,SHU
7,N,11,WAM
7,N,11,VE
7,N,11,VITY
7,N,11,TRAWKING
7,N,11,GILK
7,N,12,SIF
7,N,12,OB
7,N,12,THI
7,N,12,PLIEMES
7,N,12,FOUCHERS
7,N,12,WERS
7,N,12,PROPENT
7,N,12,AKE
7,N,12,WU
7,N,12,HUD
7,N,12,SPEAT
7,N,12,CUN
7,S,13,IMPROVEMENT
7,S,13,CAN
7,S,13,BE
7,S,13,MEASURED
7,S,13,BY
7,S,13,THE
7,S,13,LESSENING
7,S,13,DISTANCE
7,S,13,BETWEEN
7,S,13,TOES
7,S,13,AND
7,S,13,HEAD
7,S,14,WE
7,S,14,DIDN'T
7,S,14,GET
7,S,14,MANY
7,S,14,AT
7,S,14,FAIRVIEW
7,S,14,AND
7,S,14,THEY
7,S,14,WERE
7,S,14,NEVER
7,S,14,PRETTY
7,S,14,SIGHTS
7,S,15,ONE
7,S,15,DID
7,S,15,ONE'S
7,S,15,BEST
7,S,15,AND
7,S,15,IF
7,S,15,FORTUNE
7,S,15,SMILED
7,S,15,THERE
7,S,15,WAS
7,S,15,A
7,S,15,REWARD
7,N,16,THUY
7,N,16,AMS
7,N,16,ACOOT
7,N,16,CO
7,N,16,ZO
7,N,16,SU
7,N,16,AP
7,N,16,EKY
7,N,16,POPENT
7,N,16,AP
7,N,16,UT
7,N,16,IG
7,N,17,THI
7,N,17,SOPER
7,N,17,SNAT
7,N,17,TALLMICAL
7,N,17,EXERDALES
7,N,17,SERING
7,N,17,HIN
7,N,17,FINSE
7,N,17,ALPALICTRATION
7,N,17,CANDUT
7,N,17,TE
7,N,17,DETERBADED
7,N,18,YUT
7,N,18,YS
7,N,18,COAF
7,N,18,IG
7,N,18,CHOOP
7,N,18,ENEAUX
7,N,18,CO
7,N,18,MANG
7,N,18,FOROOFS
7,N,18,CHEELJABERS
7,N,18,MOURDS
7,N,18,GALER
7,S,19,SOME
7,S,19,OF
7,S,19,THESE
7,S,19,SPECULATIONS
7,S,19,MAY
7,S,19,HAVE
7,S,19,SOME
7,S,19,MERIT
7,S,19,OTHERS
7,S,19,ARE
7,S,19,SOMEWHAT
7,S,19,AMBIGUOUS
7,S,20,HE
7,S,20,SUCCEEDS
7,S,20,BUCK
7,S,20,SHAW
7,S,20,WHO
7,S,20,RETIRED
7,S,20,AT
7,S,20,THE
7,S,20,END
7,S,20,OF
7,S,20,LAST
7,S,20,SEASON
7,S,21,ON
7,S,21,RETURNING
7,S,21,TO
7,S,21,NEW
7,S,21,YORK
7,S,21,HE
7,S,21,HAD
7,S,21,A
7,S,21,JOB
7,S,21,FOR
7,S,21,SEVERAL
7,S,21,WEEKS
7,N,22,HU
7,N,22,ELTED
7,N,22,HIN
7,N,22,PIGLIC
7,N,22,CATOOR
7,N,22,AP
7,N,22,VE
7,N,22,FWO-SERM
7,N,22,VAVERFOR
7,N,22,OB
7,N,22,NAX
7,N,22,YOLD
7,N,23,THI
7,N,23,SUCCEALOR
7,N,23,COMSECATIONS
7,N,23,HABS
7,N,23,BEEG
7,N,23,HERK
7,N,23,ERRISHED
7,N,23,CO
7,N,23,SUH
7,N,23,OL
7,N,23,SULT
7,N,23,CLAWPS
7,N,24,MOGS
7,N,24,UXTEN
7,N,24,THEKE
7,N,24,UFFICTS
7,N,24,AMS
7,N,24,RESCRASTED
7,N,24,CO
7,N,24,THI
7,N,24,WISTERING
7,N,24,OB
7,N,24,ELLURINAL
7,N,24,DALO
7,N,25,THI
7,N,25,CORTEPS
7,N,25,OB
7,N,25,SNAT
7,N,25,PHYTHOMISICAL
7,N,25,STAROS
7,N,25,DETERBADES
7,N,25,UPTIDISHLY
7,N,25,THI
7,N,25,CORTEPS
7,N,25,OB
7,N,25,DOVILIMATION
7,N,26,LIMELLY
7,N,26,AREMPING
7,N,26,HUMMUDES
7,N,26,AKE
7,N,26,MEELING
7,N,26,TOB
7,N,26,SLOUND
7,N,26,THUY
7,N,26,INDERDECTED
7,N,26,THI
7,N,26,RAME
7,N,26,SPRALL
7,N,27,IB
7,N,27,FARF
7,N,27,AP
7,N,27,THI
7,N,27,SIME
7,N,27,DOR
7,N,27,THEIL
7,N,27,DEPARRAGE
7,N,27,APTROUCHED
7,N,27,HIN
7,N,27,POPEDINOUSNESS
7,N,27,INBLOOSED
7,S,28,I'M
7,S,28,CALLING
7,S,28,YOU
7,S,28,MR
7,S,28,NELSON
7,S,28,AT
7,S,28,THE
7,S,28,REQUEST
7,S,28,OF
7,S,28,MR
7,S,28,PHILLIP
7,S,28,WYCOFF
7,S,29,BUT
7,S,29,LET'S
7,S,29,NOT
7,S,29,TALK
7,S,29,ABOUT
7,S,29,IT
7,S,29,ABSTRACTLY
7,S,29,UNTIL
7,S,29,WE'RE
7,S,29,OUT
7,S,29,OF
7,S,29,HERE
7,S,30,THESE
7,S,30,PLANETS
7,S,30,WERE
7,S,30,MUCH
7,S,30,BIGGER
7,S,30,NEARLY
7,S,30,ALL
7,S,30,CAPABLE
7,S,30,OF
7,S,30,HOLDING
7,S,30,AN
7,S,30,ATMOSPHERE
7,N,31,SNIS
7,N,31,IPNORATE
7,N,31,ELLIBATE
7,N,31,U
7,N,31,REMEET
7,N,31,IG
7,N,31,NOP
7,N,31,OB
7,N,31,EKY
7,N,31,ISCERENT
7,N,31,IB
7,N,31,ITRALF
7,N,32,PLO
7,N,32,WIMS
7,N,32,SAR
7,N,32,SNAT
7,N,32,OUF
7,N,32,COANGLY
7,N,32,IG
7,N,32,EGAN
7,N,32,NOL
7,N,32,VE
7,N,32,HOROPEGIOUS
7,N,32,CORBARITY
7,N,33,NOU
7,N,33,WIMS
7,N,33,PRECACLY
7,N,33,WABS
7,N,33,CO
7,N,33,HISH
7,N,33,SOPSORE
7,N,33,CO
7,N,33,ZO
7,N,33,THI
7,N,33,BARTING
7,N,33,LAFEVER
7,S,34,CLAIMS
7,S,34,ARE
7,S,34,PROPERLY
7,S,34,DISPOSED
7,S,34,OF
7,S,34,ACCORDING
7,S,34,TO
7,S,34,NORMS
7,S,34,COMMON
7,S,34,TO
7,S,34,ALL
7,S,34,PARTIES
7,S,35,LATER
7,S,35,THIS
7,S,35,CAN
7,S,35,BE
7,S,35,COMBINED
7,S,35,WITH
7,S,35,THE
7,S,35,HANDSTAND
7,S,35,TO
7,S,35,PROVIDE
7,S,35,A
7,S,35,WALKOVER
7,S,36,BUT
7,S,36,BY
7,S,36,GOSH
7,S,36,I
7,S,36,WANT
7,S,36,HIM
7,S,36,AND
7,S,36,I'M
7,S,36,GOING
7,S,36,TO
7,S,36,HAVE
7,S,36,HIM
7,S,37,HIS
7,S,37,FATIGUES
7,S,37,MADE
7,S,37,A
7,S,37,STREAK
7,S,37,OF
7,S,37,ALMOST
7,S,37,PHOSPHORESCENT
7,S,37,GREEN
7,S,37,IN
7,S,37,THE
7,S,37,MIST
7,S,38,IT
7,S,38,WAS
7,S,38,PART
7,S,38,OF
7,S,38,LITTLE
7,S,38,JACK'S
7,S,38,WORK
7,S,38,TO
7,S,38,LOOK
7,S,38,AFTER
7,S,38,THE
7,S,38,DOGS
7,S,39,HOWEVER
7,S,39,THE
7,S,39,DISPLACEMENT
7,S,39,OF
7,S,39,THE
7,S,39,CYLINDER
7,S,39,CAN
7,S,39,BE
7,S,39,CONVERTED
7,S,39,TO
7,S,39,CUBIC
7,S,39,CENTIMETERS
7,N,40,U
7,N,40,CORT
7,N,40,NOL
7,N,40,CO
7,N,40,VE
7,N,40,THIRK
7,N,40,ALVYMENT
7,N,40,WHINT
7,N,40,ADAKE
7,N,40,IG
7,N,40,VITY
7,N,40,DOMPLE
7,N,41,CO
7,N,41,DOMPLE
7,N,41,MAS
7,N,41,BEEG
7,N,41,IB
7,N,41,THI
7,N,41,HOBBINAL
7,N,41,BUH
7,N,41,IG
7,N,41,ESMACTED
7,N,41,BAPS
7,N,41,TUFTNAY
7,N,42,ACK
7,N,42,SHROUSE
7,N,42,CABILYNE
7,N,42,AKE
7,N,42,ALMOOLY
7,N,42,BOUSTIES
7,N,42,ULLER
7,N,42,MEB
7,N,42,WERS
7,N,42,POING
7,N,42,THI
7,N,42,SART
7,N,43,SNAT
7,N,43,THI
7,N,43,RELL
7,N,43,RILKS
7,N,43,WID
7,N,43,EUCLY
7,N,43,HABS
7,N,43,SARING
7,N,43,VE
7,N,43,FRING
7,N,43,LOKE
7,N,43,SNAT
7,N,44,THI
7,N,44,GRAMPTUL
7,N,44,WOY
7,N,44,SHU
7,N,44,FEAKED
7,N,44,AP
7,N,44,SURVORT
7,N,44,MAPE
7,N,44,MIM
7,N,44,AGLIMED
7,N,44,OB
7,N,44,MIMRALF
7,N,45,ZO
7,N,45,MANUDOLLERER
7,N,45,MAS
7,N,45,FAWEN
7,N,45,THI
7,N,45,INNOCITAPH
7,N,45,IB
7,N,45,PORSTING
7,N,45,OUP
7,N,45,THI
7,N,45,CONTS
7,N,45,INVINKED
7,S,46,TWO
7,S,46,POETS
7,S,46,ARE
7,S,46,PAIRED
7,S,46,ON
7,S,46,EACH
7,S,46,RECORD
7,S,46,IN
7,S,46,THE
7,S,46,ORDER
7,S,46,GIVEN
7,S,46,ABOVE
7,S,47,BUT
7,S,47,THERE'S
7,S,47,NO
7,S,47,WAY
7,S,47,OFF
7,S,47,THE
7,S,47,POINT
7,S,47,EXCEPT
7,S,47,THROUGH
7,S,47,MY
7,S,47,ROAD
7,S,47,BLOCK
7,S,48,INCLUDE
7,S,48,AS
7,S,48,EXPENDITURES
7,S,48,AN
7,S,48,ALLOWANCE
7,S,48,FOR
7,S,48,DEPRECIATION
7,S,48,OF
7,S,48,FARM
7,S,48,BUILDINGS
7,S,48,AND
7,S,48,EQUIPMENT
8,S,1,HE
8,S,1,COULD
8,S,1,NOT
8,S,1,LEAVE
8,S,1,THE
8,S,1,ROAD
8,S,1,BECAUSE
8,S,1,OF
8,S,1,THE
8,S,1,WATERFILLED
8,S,1,DRAINAGE
8,S,1,DITCH
8,S,2,THAT
8,S,2,FINISHED
8,S,2,THE
8,S,2,JOB
8,S,2,THAT
8,S,2,CAPTAIN
8,S,2,CHANDLER
8,S,2,AND
8,S,2,LIEUTENANT
8,S,2,CARROLL
8,S,2,HAD
8,S,2,BEGUN
8,S,3,THE
8,S,3,STUDY
8,S,3,OF
8,S,3,LITERATURE
8,S,3,CONTRIBUTES
8,S,3,TO
8,S,3,THIS
8,S,3,CONTROL
8,S,3,IN
8,S,3,A
8,S,3,CURIOUS
8,S,3,WAY
8,N,4,ONK
8,N,4,OB
8,N,4,HIN
8,N,4,HAPED
8,N,4,CLATTECKS
8,N,4,OUP
8,N,4,OL
8,N,4,THI
8,N,4,PASEDENT
8,N,4,AKE
8,N,4,SUMBERTED
8,N,4,MIM
8,N,5,UT
8,N,5,MAL
8,N,5,ALLOM
8,N,5,OUF
8,N,5,SASSIANS
8,N,5,AKE
8,N,5,SU
8,N,5,RESTASE
8,N,5,THI
8,N,5,TULE
8,N,5,OB
8,N,5,REEPON
8,N,6,INNUID
8,N,6,THEVE
8,N,6,WAM
8,N,6,VE
8,N,6,GUMAN
8,N,6,PLO
8,N,6,ONARKED
8,N,6,HUD
8,N,6,ALMOOLY
8,N,6,GISHEN
8,N,6,MIM
8,N,6,LOSH
8,N,7,LOKE
8,N,7,HERBOKE
8,N,7,THUY
8,N,7,WERS
8,N,7,ACK
8,N,7,IB
8,N,7,DICTUPICATIONS
8,N,7,MOSIO
8,N,7,VIREBISION
8,N,7,PAGAKIVES
8,N,7,AKE
8,N,7,ASPERTADING
8,N,8,HU
8,N,8,WIDN'T
8,N,8,GLANK
8,N,8,UT
8,N,8,WAM
8,N,8,PAMPIBLE
8,N,8,DOR
8,N,8,SNIS
8,N,8,COOSLE
8,N,8,CO
8,N,8,TE
8,N,8,STELINDING
8,N,9,SHU
8,N,9,CAWN
8,N,9,DOFT
8,N,9,AGINCTS
8,N,9,MIM
8,N,9,AKE
8,N,9,HU
8,N,9,BRIED
8,N,9,CO
8,N,9,BREAL
8,N,9,TER
8,N,9,FANK
8,S,10,FOR
8,S,10,A
8,S,10,RESORT
8,S,10,AREA
8,S,10,MACKINACK
8,S,10,ISLAND
8,S,10,MICHIGAN
8,S,10,IS
8,S,10,THE
8,S,10,PLACE
8,S,10,TO
8,S,10,VISIT
8,S,11,THEY
8,S,11,WERE
8,S,11,ALMOST
8,S,11,IMMEDIATELY
8,S,11,WORSHIPPED
8,S,11,FOR
8,S,11,THESE
8,S,11,NEWER
8,S,11,EVEN
8,S,11,MORE
8,S,11,TERRIBLE
8,S,11,ABILITIES
8,S,12,SHE
8,S,12,NOTED
8,S,12,THAT
8,S,12,NO
8,S,12,STUDENT
8,S,12,HAD
8,S,12,BEEN
8,S,12,WITHDRAWN
8,S,12,THROUGH
8,S,12,LOSS
8,S,12,OF
8,S,12,CONFIDENCE
8,N,13,SNIS
8,N,13,WAM
8,N,13,COMBONCE
8,N,13,LANT
8,N,13,YEAM
8,N,13,AP
8,N,13,VE
8,N,13,SARUND
8,N,13,CO
8,N,13,THI
8,N,13,APTOMOJAFT
8,N,13,INDARFLY
8,N,14,ONK
8,N,14,WATE
8,N,14,PLAMPED
8,N,14,MOGS
8,N,14,THAP
8,N,14,1000
8,N,14,BRIPS
8,N,14,AKE
8,N,14,BUITS
8,N,14,IB
8,N,14,SHEDICAL
8,N,14,BAB
8,N,15,PARY
8,N,15,SIMES
8,N,15,U
8,N,15,BRIED
8,N,15,CO
8,N,15,ROUCH
8,N,15,NOU
8,N,15,BUH
8,N,15,U
8,N,15,GUVER
8,N,15,SMEW
8,N,15,LAF
8,S,16,HE
8,S,16,SLUMPED
8,S,16,AGAINST
8,S,16,A
8,S,16,LOG
8,S,16,FENCE
8,S,16,RAIL
8,S,16,THEN
8,S,16,TRIED
8,S,16,TO
8,S,16,LIFT
8,S,16,HIMSELF
8,S,17,HE
8,S,17,HAD
8,S,17,WHAT
8,S,17,WAS
8,S,17,DESCRIBED
8,S,17,BY
8,S,17,A
8,S,17,PSYCHOLOGIST
8,S,17,AS
8,S,17,A
8,S,17,SUNNY
8,S,17,BRUTALITY
8,S,18,PREDISPOSITIONS
8,S,18,IN
8,S,18,TURN
8,S,18,FALL
8,S,18,CONVENIENTLY
8,S,18,INTO
8,S,18,TWO
8,S,18,CATEGORIES
8,S,18,FOR
8,S,18,PURPOSES
8,S,18,OF
8,S,18,ANALYSIS
8,N,19,U
8,N,19,WAM
8,N,19,IB
8,N,19,CHAMBS
8,N,19,OB
8,N,19,THI
8,N,19,ANSAFTSMENTS
8,N,19,WHINT
8,N,19,WERS
8,N,19,SOOM
8,N,19,ENEAUX
8,N,19,DISARTUFFED
8,N,20,SHU
8,N,20,FERT
8,N,20,CORT
8,N,20,AKE
8,N,20,MOT
8,N,20,PRACKY
8,N,20,AKE
8,N,20,PRELLY
8,N,20,AP
8,N,20,THI
8,N,20,SART
8,N,20,SIME
8,N,21,THI
8,N,21,SYNTEP
8,N,21,TUSTED
8,N,21,CO
8,N,21,BREAL
8,N,21,DOFT
8,N,21,SERING
8,N,21,THI
8,N,21,WIM
8,N,21,BUH
8,N,21,WAM
8,N,21,DEASSIBATED
8,S,22,HE
8,S,22,SHOWED
8,S,22,LITTLE
8,S,22,INTEREST
8,S,22,IN
8,S,22,MEASURES
8,S,22,PUT
8,S,22,FORWARD
8,S,22,BY
8,S,22,THE
8,S,22,REGULAR
8,S,22,DEMOCRATS
8,S,23,OF
8,S,23,THE
8,S,23,LATTER
8,S,23,SAMPLE
8,S,23,944
8,S,23,PERSONS
8,S,23,HAD
8,S,23,BEEN
8,S,23,STUDIED
8,S,23,TWO
8,S,23,YEARS
8,S,23,EARLIER
8,S,24,BE
8,S,24,SURE
8,S,24,IT
8,S,24,IS
8,S,24,WELL
8,S,24,SATURATED
8,S,24,AND
8,S,24,THEN
8,S,24,ALLOW
8,S,24,IT
8,S,24,TO
8,S,24,HARDEN
8,S,25,RANK
8,S,25,WAS
8,S,25,BECOMING
8,S,25,AN
8,S,25,EXPLOSIVE
8,S,25,ISSUE
8,S,25,IN
8,S,25,ALL
8,S,25,THREE
8,S,25,OF
8,S,25,SHERMANS
8,S,25,ARMIES
8,S,26,AGNESE
8,S,26,HAD
8,S,26,BEEN
8,S,26,SITTING
8,S,26,QUIETLY
8,S,26,LISTENING
8,S,26,WITH
8,S,26,THE
8,S,26,SERENITY
8,S,26,OF
8,S,26,THE
8,S,26,UNAWARE
8,S,27,SHE'D
8,S,27,BE
8,S,27,SURE
8,S,27,TO
8,S,27,REMEMBER
8,S,27,ANY
8,S,27,BRIDE
8,S,27,WHO
8,S,27,WAS
8,S,27,VAGUE
8,S,27,ABOUT
8,S,27,BACKGROUND
8,N,28,THEVE
8,N,28,WAM
8,N,28,VE
8,N,28,BAMPLE
8,N,28,OL
8,N,28,AG
8,N,28,EWERABS
8,N,28,OB
8,N,28,OTHS
8,N,28,ELKBY
8,N,28,SQUEE
8,N,28,WEELS
8,N,29,EEPTIER
8,N,29,INFUCTED
8,N,29,SNAT
8,N,29,WU
8,N,29,KNOG
8,N,29,ENEAUX
8,N,29,CO
8,N,29,SUH
8,N,29,DOR
8,N,29,THI
8,N,29,FUST
8,N,29,APEANT
8,N,30,DOR
8,N,30,EXEGGLE
8,N,30,ICERIGONS
8,N,30,SOLLY
8,N,30,CO
8,N,30,SPHISTOON
8,N,30,VASUGS
8,N,30,LEMPENING
8,N,30,THOKE
8,N,30,OB
8,N,30,ADREISCAL
8,N,30,CORMUTICS
8,S,31,THE
8,S,31,SEVENTEEN
8,S,31,MEN
8,S,31,STOOD
8,S,31,AND
8,S,31,STARED
8,S,31,AT
8,S,31,HIM
8,S,31,FOR
8,S,31,A
8,S,31,MOMENT
8,S,31,LONGER
8,S,32,THE
8,S,32,BOMBPROOF
8,S,32,WAS
8,S,32,A
8,S,32,LOW-CEILINGED
8,S,32,STRUCTURE
8,S,32,OF
8,S,32,HEAVY
8,S,32,TIMBERS
8,S,32,COVERED
8,S,32,WITH
8,S,32,EARTH
8,S,33,ISSUING
8,S,33,BONDS
8,S,33,FOR
8,S,33,PLANT
8,S,33,CONSTRUCTION
8,S,33,HAS
8,S,33,BROUGHT
8,S,33,NEW
8,S,33,INDUSTRIES
8,S,33,TO
8,S,33,CERTAIN
8,S,33,REGIONS
8,N,34,AKE
8,N,34,SHU
8,N,34,WABSED
8,N,34,DIRVERASHLY
8,N,34,CO
8,N,34,DEE
8,N,34,SOPSORE
8,N,34,SHU
8,N,34,HUD
8,N,34,KNOGGED
8,N,34,BAPS
8,N,34,THEVE
8,N,35,SNAT
8,N,35,DAX
8,N,35,THUY
8,N,35,LOAXED
8,N,35,ATOUSE
8,N,35,JUBS
8,N,35,WOTTING
8,N,35,THI
8,N,35,FEEK
8,N,35,OB
8,N,35,THI
8,N,35,BIMY
8,N,36,ORLESS
8,N,36,THI
8,N,36,COMMUDON
8,N,36,BREARED
8,N,36,HU
8,N,36,WOUPE
8,N,36,NOP
8,N,36,TE
8,N,36,REMING
8,N,36,HURE
8,N,36,MUTH
8,N,36,TODGER
8,N,37,QUEN
8,N,37,THI
8,N,37,LINCE
8,N,37,WEMP
8,N,37,THEIL
8,N,37,WOY
8,N,37,THUY
8,N,37,WEMP
8,N,37,OL
8,N,37,AFLISS
8,N,37,THI
8,N,37,STREED
8,N,38,DOR
8,N,38,ESEPTLY
8,N,38,ONK
8,N,38,WEEL
8,N,38,SHU
8,N,38,WAM
8,N,38,AGLA
8,N,38,CO
8,N,38,CONTITOM
8,N,38,IB
8,N,38,SNIS
8,N,38,PONNER
8,N,39,SNIS
8,N,39,GILK
8,N,39,SOOM
8,N,39,BLOPS
8,N,39,THI
8,N,39,BOURBENDE
8,N,39,SCHONINEPICAL
8,N,39,PLO
8,N,39,DISAMSTEVES
8,N,39,OB
8,N,39,TER
8,N,39,LIRR
8,S,40,THIS
8,S,40,PREVENTS
8,S,40,THE
8,S,40,OCCURRENCE
8,S,40,OF
8,S,40,AN
8,S,40,INFINITE
8,S,40,SEQUENCE
8,S,40,OF
8,S,40,ISOLATED
8,S,40,TANGENT
8,S,40,POINTS
8,S,41,SHE
8,S,41,FINISHED
8,S,41,HER
8,S,41,HAMBURGER
8,S,41,AND
8,S,41,DRANK
8,S,41,HER
8,S,41,COFFEE
8,S,41,AND
8,S,41,PAID
8,S,41,HER
8,S,41,CHECK
8,S,42,AND
8,S,42,EVERYONE
8,S,42,WENT
8,S,42,TO
8,S,42,WORK
8,S,42,TO
8,S,42,LEARN
8,S,42,THE
8,S,42,PARTS
8,S,42,WHICH
8,S,42,HE
8,S,42,WROTE
8,S,43,THEY
8,S,43,ARE
8,S,43,NOT
8,S,43,TRUE
8,S,43,BECAUSE
8,S,43,SCIENTISTS
8,S,43,OR
8,S,43,PROPHETS
8,S,43,SAY
8,S,43,THEY
8,S,43,ARE
8,S,43,TRUE
8,S,44,THE
8,S,44,NUDE
8,S,44,WAS
8,S,44,SMALL
8,S,44,AND
8,S,44,BLACKHAIRED
8,S,44,AND
8,S,44,ELFIN
8,S,44,AND
8,S,44,WAS
8,S,44,CALLED
8,S,44,ELOISE
8,S,45,AND
8,S,45,THEIR
8,S,45,CHRONICLERS
8,S,45,ARE
8,S,45,NOT
8,S,45,THE
8,S,45,DRAMATIC
8,S,45,POETS
8,S,45,BUT
8,S,45,THE
8,S,45,PROSE
8,S,45,NOVELISTS
8,N,46,SUT
8,N,46,NOUR
8,N,46,BACEFUB
8,N,46,BEFECK
8,N,46,NOU
8,N,46,CLOTE
8,N,46,IB
8,N,46,THI
8,N,46,ELT
8,N,46,OB
8,N,46,THI
8,N,46,BAWSBOOM
8,N,47,DOR
8,N,47,SOLT
8,N,47,REEPON
8,N,47,ZODE
8,N,47,OB
8,N,47,WHEM
8,N,47,WERS
8,N,47,IMPRIGHTS
8,N,47,WIRT
8,N,47,THI
8,N,47,NANSITURIAL
8,N,47,CAWITUT
8,N,48,HIING
8,N,48,EIZED
8,N,48,OL
8,N,48,SU
8,N,48,FEL
8,N,48,ESENDS
8,N,48,THEKE
8,N,48,RECUPTS
8,N,48,AMS
8,N,48,OB
8,N,48,PIGIOUS
8,N,48,BAVEMITY
9,S,1,COULD
9,S,1,IT
9,S,1,BE
9,S,1,THAT
9,S,1,MY
9,S,1,OWN
9,S,1,EYES
9,S,1,AND
9,S,1,EARS
9,S,1,HAD
9,S,1,DECEIVED
9,S,1,ME
9,S,2,SHE
9,S,2,FELT
9,S,2,RATHER
9,S,2,THAN
9,S,2,SAW
9,S,2,THE
9,S,2,APPROACH
9,S,2,OF
9,S,2,THE
9,S,2,GOODLOOKING
9,S,2,YOUNG
9,S,2,MAN
9,S,3,HE
9,S,3,STOOPED
9,S,3,PICKED
9,S,3,UP
9,S,3,HIS
9,S,3,RUINED
9,S,3,HAT
9,S,3,AND
9,S,3,PURSED
9,S,3,HIS
9,S,3,LIPS
9,S,3,THOUGHTFULLY
9,N,4,GLANKING
9,N,4,THI
9,N,4,EVIGANTS
9,N,4,INSOXPINIENT
9,N,4,CO
9,N,4,GEP
9,N,4,VE
9,N,4,CONZASTION
9,N,4,HU
9,N,4,TADER
9,N,4,RETEAVES
9,N,4,MIM
9,N,5,NY
9,N,5,HOSH
9,N,5,WEMP
9,N,5,IBER
9,N,5,AKE
9,N,5,STANES
9,N,5,OUP
9,N,5,THI
9,N,5,WINNAW
9,N,5,AP
9,N,5,HIN
9,N,5,REACONES
9,N,6,ALBUST
9,N,6,ILCAVIANTLY
9,N,6,HERBOKE
9,N,6,AKE
9,N,6,HIN
9,N,6,DARSHLER
9,N,6,COANGLY
9,N,6,DREVE
9,N,6,EP
9,N,6,IB
9,N,6,THI
9,N,6,FURPLESORE
9,N,7,THUY
9,N,7,HABS
9,N,7,VE
9,N,7,SPEAT
9,N,7,AGSANTAYS
9,N,7,IB
9,N,7,OAM
9,N,7,OB
9,N,7,AFRIT
9,N,7,SIME
9,N,7,AKE
9,N,7,PABDENT
9,N,8,THI
9,N,8,CHIFF
9,N,8,IG
9,N,8,KESP
9,N,8,OL
9,N,8,RALL
9,N,8,AKE
9,N,8,THI
9,N,8,APTOMOJAFT
9,N,8,GANCHES
9,N,8,THI
9,N,8,GRONZE
9,N,9,THI
9,N,9,MEB
9,N,9,WIMS
9,N,9,TE
9,N,9,IB
9,N,9,WENDERT
9,N,9,ATTAPS
9,N,9,INSPODING
9,N,9,STELBONS
9,N,9,AKE
9,N,9,CONSPOTE
9,N,9,VOSTS
9,S,10,HE
9,S,10,COULDN'T
9,S,10,AFFORD
9,S,10,TO
9,S,10,HAVE
9,S,10,ANYONE
9,S,10,MESS
9,S,10,AROUND
9,S,10,WITH
9,S,10,THEM
9,S,10,HE
9,S,10,SAID
9,S,11,AND
9,S,11,THE
9,S,11,CREW
9,S,11,WOULD
9,S,11,BE
9,S,11,AUTOMATICALLY
9,S,11,BROUGHT
9,S,11,OUT
9,S,11,OF
9,S,11,THEIR
9,S,11,SUSPENDED
9,S,11,ANIMATION
9,S,12,FOR
9,S,12,HE
9,S,12,HAD
9,S,12,JUST
9,S,12,REMEMBERED
9,S,12,TONIGHT
9,S,12,THEY
9,S,12,WERE
9,S,12,HAVING
9,S,12,THEIR
9,S,12,FIRST
9,S,12,GUESTS
9,N,13,BUH
9,N,13,THEVE
9,N,13,WAM
9,N,13,SNAT
9,N,13,SORTWHING
9,N,13,SOLT
9,N,13,IFTO
9,N,13,IB
9,N,13,THI
9,N,13,WOY
9,N,13,SHU
9,N,13,SPOLE
9,N,14,PAG
9,N,14,SWUBS
9,N,14,INGI
9,N,14,THI
9,N,14,SAMBLE
9,N,14,YUT
9,N,14,STIGS
9,N,14,HU
9,N,14,DELOTHS
9,N,14,HIN
9,N,14,BROBS
9,N,14,SECKERED
9,N,15,APTROUCHED
9,N,15,PRUPENTS
9,N,15,THI
9,N,15,ELKBYPRERE
9,N,15,IB
9,N,15,GANTER
9,N,15,CHASTING
9,N,15,WIRT
9,N,15,THEIL
9,N,15,OPE
9,N,15,FROTE
9,N,15,DOOB
9,S,16,ONCE
9,S,16,THE
9,S,16,DOOR
9,S,16,WAS
9,S,16,OPEN
9,S,16,THEY
9,S,16,CROWDED
9,S,16,HIM
9,S,16,INSIDE
9,S,16,THE
9,S,16,DARK
9,S,16,BUILDING
9,S,17,THE
9,S,17,CRITICAL
9,S,17,COMMENTS
9,S,17,IN
9,S,17,THE
9,S,17,TEXTUAL
9,S,17,SECTIONS
9,S,17,OF
9,S,17,THIS
9,S,17,PUBLICATION
9,S,17,ARE
9,S,17,INVALUABLE
9,S,18,THE
9,S,18,INDEX
9,S,18,IS
9,S,18,ESSENTIALLY
9,S,18,A
9,S,18,NEW
9,S,18,TREATMENT
9,S,18,OF
9,S,18,PREVIOUSLY
9,S,18,COMPILED
9,S,18,MORPHOLOGICAL
9,S,18,DATA
9,N,19,IMBAALLY
9,N,19,LAFEVER
9,N,19,SNIS
9,N,19,RURNS
9,N,19,OUP
9,N,19,CO
9,N,19,TE
9,N,19,OLTY
9,N,19,PALT
9,N,19,OB
9,N,19,THI
9,N,19,PIFFURE
9,N,20,THI
9,N,20,DOP
9,N,20,OB
9,N,20,THI
9,N,20,SALSTE
9,N,20,WAM
9,N,20,NEEPLY
9,N,20,GRAT
9,N,20,AKE
9,N,20,THI
9,N,20,BOLLOM
9,N,20,HEMISCHADETAL
9,N,21,REMING
9,N,21,SNOM
9,N,21,VE
9,N,21,PRIEWS
9,N,21,THI
9,N,21,RURIC
9,N,21,SOUSTS
9,N,21,AP
9,N,21,OWD
9,N,21,AP
9,N,21,THI
9,N,21,ADVACT
9,S,22,IT
9,S,22,ISN'T
9,S,22,ONLY
9,S,22,BIRDS
9,S,22,THAT
9,S,22,DUMP
9,S,22,THEIR
9,S,22,CHILDREN
9,S,22,IN
9,S,22,OTHER
9,S,22,PEOPLES
9,S,22,NESTS
9,S,23,HE
9,S,23,SLEPT
9,S,23,IN
9,S,23,THE
9,S,23,HALL
9,S,23,BEDROOM
9,S,23,AT
9,S,23,THE
9,S,23,HEAD
9,S,23,OF
9,S,23,THE
9,S,23,STAIRS
9,S,24,I
9,S,24,LOOKED
9,S,24,BACK
9,S,24,OVER
9,S,24,MY
9,S,24,SHOULDER
9,S,24,WHILE
9,S,24,I
9,S,24,WENT
9,S,24,TO
9,S,24,JOIN
9,S,24,HIM
9,S,25,EVERY
9,S,25,MAN
9,S,25,IN
9,S,25,EVERY
9,S,25,ONE
9,S,25,OF
9,S,25,THESE
9,S,25,HOUSES
9,S,25,IS
9,S,25,A
9,S,25,NIGHT
9,S,25,RIDER
9,S,26,SHE
9,S,26,WAS
9,S,26,THE
9,S,26,PURSUER
9,S,26,AS
9,S,26,CLEARLY
9,S,26,AS
9,S,26,WAS
9,S,26,VENUS
9,S,26,IN
9,S,26,SHAKESPEARE'S
9,S,26,POEM
9,S,27,THEY
9,S,27,KNOW
9,S,27,THE
9,S,27,VALUE
9,S,27,OF
9,S,27,BEING
9,S,27,JUST
9,S,27,THAT
9,S,27,AN
9,S,27,ORDINARY
9,S,27,HAPPY
9,S,27,FAMILY
9,N,28,OTHS
9,N,28,BEFECK
9,N,28,U
9,N,28,HUD
9,N,28,BEEG
9,N,28,CO
9,N,28,PONIS
9,N,28,TODGE
9,N,28,BEFECK
9,N,28,U
9,N,28,MANDIED
9,N,28,PYCERY
9,N,29,ONK
9,N,29,SHOUPE
9,N,29,TE
9,N,29,AGLA
9,N,29,CO
9,N,29,GEP
9,N,29,HORK
9,N,29,OB
9,N,29,THI
9,N,29,BOOF
9,N,29,AP
9,N,29,OTHS
9,N,30,THEVE
9,N,30,WERS
9,N,30,MOTERAL
9,N,30,OL
9,N,30,THI
9,N,30,CEANVIL
9,N,30,PLO
9,N,30,BRIED
9,N,30,CO
9,N,30,LIMS
9,N,30,LOKE
9,N,30,SPHISTOONS
9,S,31,BUT
9,S,31,EVERYONE
9,S,31,I
9,S,31,MET
9,S,31,HAD
9,S,31,SOUGHT
9,S,31,COVER
9,S,31,FIRST
9,S,31,AND
9,S,31,ASKED
9,S,31,QUESTIONS
9,S,31,LATER
9,S,32,THEIR
9,S,32,ANSWER
9,S,32,WAS
9,S,32,IT
9,S,32,CAN
9,S,32,BE
9,S,32,DONE
9,S,32,AND
9,S,32,WE
9,S,32,WILL
9,S,32,DO
9,S,32,IT
9,S,33,HERE
9,S,33,TOO
9,S,33,THE
9,S,33,CAUSE
9,S,33,TO
9,S,33,HATE
9,S,33,LAY
9,S,33,WELL
9,S,33,BACK
9,S,33,IN
9,S,33,THE
9,S,33,YEARS
9,N,34,HIN
9,N,34,STANDOCKS
9,N,34,AMS
9,N,34,OB
9,N,34,COUNGE
9,N,34,COMBLONELY
9,N,34,FOROOFS
9,N,34,CO
9,N,34,THOKE
9,N,34,OB
9,N,34,THI
9,N,34,ESOLYST
9,N,35,ATURVER
9,N,35,AROLE
9,N,35,HORKER
9,N,35,UMES
9,N,35,IB
9,N,35,THI
9,N,35,EMPERISIBED
9,N,35,IG
9,N,35,SHOKE
9,N,35,IB
9,N,35,FIBUDE
9,N,35,3
9,N,36,THEVE
9,N,36,WAM
9,N,36,ZO
9,N,36,UKE
9,N,36,GUNSERING
9,N,36,OCH
9,N,36,INGI
9,N,36,VE
9,N,36,HERMICOGY
9,N,36,OB
9,N,36,ISTER
9,N,36,NIFFSMESH
9,N,37,NOU
9,N,37,FIKE
9,N,37,THI
9,N,37,EVIGANTS
9,N,37,OB
9,N,37,SNAT
9,N,37,IB
9,N,37,THI
9,N,37,CHAME
9,N,37,OL
9,N,37,SNIS
9,N,37,PAZE
9,N,38,THUY
9,N,38,ZO
9,N,38,NOP
9,N,38,DESTRUM
9,N,38,GLUDICAL
9,N,38,SCRUCTUMS
9,N,38,AP
9,N,38,IG
9,N,38,TRUH
9,N,38,OB
9,N,38,HILK
9,N,38,ESPROSIZES
9,N,39,WU
9,N,39,HABS
9,N,39,ASDO
9,N,39,REEN
9,N,39,THI
9,N,39,SOPER
9,N,39,OB
9,N,39,FARCS
9,N,39,AP
9,N,39,WOZE
9,N,39,ACUNG
9,N,39,YS
9,S,40,HIS
9,S,40,ENGLISH
9,S,40,WAS
9,S,40,LIMITED
9,S,40,AND
9,S,40,THE
9,S,40,LITTLE
9,S,40,HE
9,S,40,KNEW
9,S,40,HE
9,S,40,FOUND
9,S,40,IRRITATING
9,S,41,BUT
9,S,41,BY
9,S,41,1908
9,S,41,ITS
9,S,41,RECORD
9,S,41,OF
9,S,41,BRUTALITY
9,S,41,HAD
9,S,41,TOUCHED
9,S,41,THE
9,S,41,NATIONAL
9,S,41,CONSCIENCE
9,S,42,SHE
9,S,42,DRANK
9,S,42,GREEDILY
9,S,42,AND
9,S,42,MURMURED
9,S,42,THANK
9,S,42,YOU
9,S,42,AS
9,S,42,HE
9,S,42,LOWERED
9,S,42,HER
9,S,42,HEAD
9,S,43,IT
9,S,43,WAS
9,S,43,NICE
9,S,43,TO
9,S,43,HAVE
9,S,43,SOMETHING
9,S,43,A
9,S,43,LITTLE
9,S,43,UP-TO-DATE
9,S,43,FOR
9,S,43,A
9,S,43,CHANGE
9,S,44,BESIDES
9,S,44,IN
9,S,44,ALL
9,S,44,HONESTY
9,S,44,I
9,S,44,DON'T
9,S,44,KNOW
9,S,44,HOW
9,S,44,YOU
9,S,44,CAN
9,S,44,BE
9,S,44,SURE
9,S,45,THE
9,S,45,PRETENCE
9,S,45,WAS
9,S,45,THAT
9,S,45,HE
9,S,45,WAS
9,S,45,DELIVERING
9,S,45,A
9,S,45,PRESCRIPTION
9,S,45,FROM
9,S,45,DR
9,S,45,VERDI
9,N,46,UT
9,N,46,STRENCHED
9,N,46,CO
9,N,46,AG
9,N,46,ALLASSIBLE
9,N,46,HEIZED
9,N,46,FRAMBING
9,N,46,THI
9,N,46,WABS
9,N,46,CO
9,N,46,THI
9,N,46,CEAFING
9,N,47,DOR
9,N,47,KNUNTY
9,N,47,YEAMS
9,N,47,HU
9,N,47,MAS
9,N,47,ENJUMED
9,N,47,HIN
9,N,47,SOPER
9,N,47,OL
9,N,47,THI
9,N,47,TULES
9,N,47,COMBESTEE
9,N,48,THI
9,N,48,SICOPS
9,N,48,PIEND
9,N,48,IG
9,N,48,IB
9,N,48,RURN
9,N,48,GLUMB
9,N,48,AKE
9,N,48,SCRENTS
9,N,48,CO
9,N,48,THI
9,N,48,FINSE
